series,epoch,training_seed,task,task_label,capture_B,mean_abs_offdiag_cosine,feature_dim,source_json,source_sha256
vicreg_r18_normalized_backbone,0,17,scale,size,0.9342118501663208,0.00024763745022937655,249,/home/lucas_bryant1/dnc2_s2/results/augmentation_survival_d871f4ed9809/controls/vicreg_r18_backbone/seed_17/metrics/hyperrect_vicreg_dsprites_epoch_0_vicreg_r18_backbone.json,80cc5a081b16166661e70df9517ddea6daa0d13c208a058f368844dcd1f0251a
vicreg_r18_normalized_backbone,0,17,posX,x-position,0.9939278364181519,0.00024763745022937655,249,/home/lucas_bryant1/dnc2_s2/results/augmentation_survival_d871f4ed9809/controls/vicreg_r18_backbone/seed_17/metrics/hyperrect_vicreg_dsprites_epoch_0_vicreg_r18_backbone.json,80cc5a081b16166661e70df9517ddea6daa0d13c208a058f368844dcd1f0251a
vicreg_r18_normalized_backbone,0,17,posY,y-position,0.9941307902336121,0.00024763745022937655,249,/home/lucas_bryant1/dnc2_s2/results/augmentation_survival_d871f4ed9809/controls/vicreg_r18_backbone/seed_17/metrics/hyperrect_vicreg_dsprites_epoch_0_vicreg_r18_backbone.json,80cc5a081b16166661e70df9517ddea6daa0d13c208a058f368844dcd1f0251a
vicreg_r18_normalized_backbone,10,17,scale,size,0.9980141520500183,0.00015282630920410156,166,/home/lucas_bryant1/dnc2_s2/results/augmentation_survival_d871f4ed9809/controls/vicreg_r18_backbone/seed_17/metrics/hyperrect_vicreg_dsprites_epoch_10_vicreg_r18_backbone.json,d73ff5cb707d3e597e4db35aaf1196904e435df0611d74a22287fcb14b1a5403
vicreg_r18_normalized_backbone,10,17,posX,x-position,0.9987372159957886,0.00015282630920410156,166,/home/lucas_bryant1/dnc2_s2/results/augmentation_survival_d871f4ed9809/controls/vicreg_r18_backbone/seed_17/metrics/hyperrect_vicreg_dsprites_epoch_10_vicreg_r18_backbone.json,d73ff5cb707d3e597e4db35aaf1196904e435df0611d74a22287fcb14b1a5403
vicreg_r18_normalized_backbone,10,17,posY,y-position,0.9987818598747253,0.00015282630920410156,166,/home/lucas_bryant1/dnc2_s2/results/augmentation_survival_d871f4ed9809/controls/vicreg_r18_backbone/seed_17/metrics/hyperrect_vicreg_dsprites_epoch_10_vicreg_r18_backbone.json,d73ff5cb707d3e597e4db35aaf1196904e435df0611d74a22287fcb14b1a5403
vicreg_r18_normalized_backbone,40,17,scale,size,0.9986410140991211,4.645188892027363e-05,231,/home/lucas_bryant1/dnc2_s2/results/augmentation_survival_d871f4ed9809/controls/vicreg_r18_backbone/seed_17/metrics/hyperrect_vicreg_dsprites_epoch_40_vicreg_r18_backbone.json,c8b2852f0df4397ea905ffd8cf205a574d3369c60ae4e4e89eda6917f0fba709
vicreg_r18_normalized_backbone,40,17,posX,x-position,0.9982113838195801,4.645188892027363e-05,231,/home/lucas_bryant1/dnc2_s2/results/augmentation_survival_d871f4ed9809/controls/vicreg_r18_backbone/seed_17/metrics/hyperrect_vicreg_dsprites_epoch_40_vicreg_r18_backbone.json,c8b2852f0df4397ea905ffd8cf205a574d3369c60ae4e4e89eda6917f0fba709
vicreg_r18_normalized_backbone,40,17,posY,y-position,0.998880922794342,4.645188892027363e-05,231,/home/lucas_bryant1/dnc2_s2/results/augmentation_survival_d871f4ed9809/controls/vicreg_r18_backbone/seed_17/metrics/hyperrect_vicreg_dsprites_epoch_40_vicreg_r18_backbone.json,c8b2852f0df4397ea905ffd8cf205a574d3369c60ae4e4e89eda6917f0fba709
vicreg_r18_normalized_backbone,80,17,scale,size,0.9998430609703064,5.9485435485839844e-05,254,/home/lucas_bryant1/dnc2_s2/results/augmentation_survival_d871f4ed9809/controls/vicreg_r18_backbone/seed_17/metrics/hyperrect_vicreg_dsprites_epoch_80_vicreg_r18_backbone.json,e8900262f3fd7ee4f78cd80d7e0a0cd88312b9f0155c8712ec75e4ced39ccba1
vicreg_r18_normalized_backbone,80,17,posX,x-position,0.9995224475860596,5.9485435485839844e-05,254,/home/lucas_bryant1/dnc2_s2/results/augmentation_survival_d871f4ed9809/controls/vicreg_r18_backbone/seed_17/metrics/hyperrect_vicreg_dsprites_epoch_80_vicreg_r18_backbone.json,e8900262f3fd7ee4f78cd80d7e0a0cd88312b9f0155c8712ec75e4ced39ccba1
vicreg_r18_normalized_backbone,80,17,posY,y-position,0.9999071955680847,5.9485435485839844e-05,254,/home/lucas_bryant1/dnc2_s2/results/augmentation_survival_d871f4ed9809/controls/vicreg_r18_backbone/seed_17/metrics/hyperrect_vicreg_dsprites_epoch_80_vicreg_r18_backbone.json,e8900262f3fd7ee4f78cd80d7e0a0cd88312b9f0155c8712ec75e4ced39ccba1
vicreg_r18_normalized_backbone,0,29,scale,size,0.9304210543632507,0.0006162723293527961,210,/home/lucas_bryant1/dnc2_s2/results/augmentation_survival_d871f4ed9809/controls/vicreg_r18_backbone/seed_29/metrics/hyperrect_vicreg_dsprites_epoch_0_vicreg_r18_backbone.json,2a25bec79daca1d0e2557b56f989f65631f758edc444372b27cc1c9d6d020590
vicreg_r18_normalized_backbone,0,29,posX,x-position,0.9945982098579407,0.0006162723293527961,210,/home/lucas_bryant1/dnc2_s2/results/augmentation_survival_d871f4ed9809/controls/vicreg_r18_backbone/seed_29/metrics/hyperrect_vicreg_dsprites_epoch_0_vicreg_r18_backbone.json,2a25bec79daca1d0e2557b56f989f65631f758edc444372b27cc1c9d6d020590
vicreg_r18_normalized_backbone,0,29,posY,y-position,0.9937596917152405,0.0006162723293527961,210,/home/lucas_bryant1/dnc2_s2/results/augmentation_survival_d871f4ed9809/controls/vicreg_r18_backbone/seed_29/metrics/hyperrect_vicreg_dsprites_epoch_0_vicreg_r18_backbone.json,2a25bec79daca1d0e2557b56f989f65631f758edc444372b27cc1c9d6d020590
vicreg_r18_normalized_backbone,10,29,scale,size,0.9978901743888855,0.00010701020801207051,163,/home/lucas_bryant1/dnc2_s2/results/augmentation_survival_d871f4ed9809/controls/vicreg_r18_backbone/seed_29/metrics/hyperrect_vicreg_dsprites_epoch_10_vicreg_r18_backbone.json,eb7103e628a3297bed6a297a242127da76d51777ba540dc8df421f34d46ad528
vicreg_r18_normalized_backbone,10,29,posX,x-position,0.9988939166069031,0.00010701020801207051,163,/home/lucas_bryant1/dnc2_s2/results/augmentation_survival_d871f4ed9809/controls/vicreg_r18_backbone/seed_29/metrics/hyperrect_vicreg_dsprites_epoch_10_vicreg_r18_backbone.json,eb7103e628a3297bed6a297a242127da76d51777ba540dc8df421f34d46ad528
vicreg_r18_normalized_backbone,10,29,posY,y-position,0.9986514449119568,0.00010701020801207051,163,/home/lucas_bryant1/dnc2_s2/results/augmentation_survival_d871f4ed9809/controls/vicreg_r18_backbone/seed_29/metrics/hyperrect_vicreg_dsprites_epoch_10_vicreg_r18_backbone.json,eb7103e628a3297bed6a297a242127da76d51777ba540dc8df421f34d46ad528
vicreg_r18_normalized_backbone,40,29,scale,size,0.999212920665741,0.00018036365509033203,237,/home/lucas_bryant1/dnc2_s2/results/augmentation_survival_d871f4ed9809/controls/vicreg_r18_backbone/seed_29/metrics/hyperrect_vicreg_dsprites_epoch_40_vicreg_r18_backbone.json,eeb9c48c42e74c48c33b650290bf877c03a1931bb1077dc8dbbcc0b1c3a8440c
vicreg_r18_normalized_backbone,40,29,posX,x-position,0.9991348385810852,0.00018036365509033203,237,/home/lucas_bryant1/dnc2_s2/results/augmentation_survival_d871f4ed9809/controls/vicreg_r18_backbone/seed_29/metrics/hyperrect_vicreg_dsprites_epoch_40_vicreg_r18_backbone.json,eeb9c48c42e74c48c33b650290bf877c03a1931bb1077dc8dbbcc0b1c3a8440c
vicreg_r18_normalized_backbone,40,29,posY,y-position,0.9985016584396362,0.00018036365509033203,237,/home/lucas_bryant1/dnc2_s2/results/augmentation_survival_d871f4ed9809/controls/vicreg_r18_backbone/seed_29/metrics/hyperrect_vicreg_dsprites_epoch_40_vicreg_r18_backbone.json,eeb9c48c42e74c48c33b650290bf877c03a1931bb1077dc8dbbcc0b1c3a8440c
vicreg_r18_normalized_backbone,80,29,scale,size,0.9996565580368042,0.00022721290588378906,252,/home/lucas_bryant1/dnc2_s2/results/augmentation_survival_d871f4ed9809/controls/vicreg_r18_backbone/seed_29/metrics/hyperrect_vicreg_dsprites_epoch_80_vicreg_r18_backbone.json,17cd02fa97bf544459ba64bb1fdf2678b19d76847a668f57096bd48285c3c651
vicreg_r18_normalized_backbone,80,29,posX,x-position,0.9994297027587891,0.00022721290588378906,252,/home/lucas_bryant1/dnc2_s2/results/augmentation_survival_d871f4ed9809/controls/vicreg_r18_backbone/seed_29/metrics/hyperrect_vicreg_dsprites_epoch_80_vicreg_r18_backbone.json,17cd02fa97bf544459ba64bb1fdf2678b19d76847a668f57096bd48285c3c651
vicreg_r18_normalized_backbone,80,29,posY,y-position,0.9991771578788757,0.00022721290588378906,252,/home/lucas_bryant1/dnc2_s2/results/augmentation_survival_d871f4ed9809/controls/vicreg_r18_backbone/seed_29/metrics/hyperrect_vicreg_dsprites_epoch_80_vicreg_r18_backbone.json,17cd02fa97bf544459ba64bb1fdf2678b19d76847a668f57096bd48285c3c651
vicreg_r18_normalized_backbone,0,6,scale,size,0.9329394698143005,0.0009081761236302555,216,/home/lucas_bryant1/dnc2_s2/results/augmentation_survival_d871f4ed9809/controls/vicreg_r18_backbone/seed_6/metrics/hyperrect_vicreg_dsprites_epoch_0_vicreg_r18_backbone.json,8c8f78461eb6184635edad6d3dc79f77cde1aea867c17de4b92b873099aa3639
vicreg_r18_normalized_backbone,0,6,posX,x-position,0.9944475293159485,0.0009081761236302555,216,/home/lucas_bryant1/dnc2_s2/results/augmentation_survival_d871f4ed9809/controls/vicreg_r18_backbone/seed_6/metrics/hyperrect_vicreg_dsprites_epoch_0_vicreg_r18_backbone.json,8c8f78461eb6184635edad6d3dc79f77cde1aea867c17de4b92b873099aa3639
vicreg_r18_normalized_backbone,0,6,posY,y-position,0.9949564933776855,0.0009081761236302555,216,/home/lucas_bryant1/dnc2_s2/results/augmentation_survival_d871f4ed9809/controls/vicreg_r18_backbone/seed_6/metrics/hyperrect_vicreg_dsprites_epoch_0_vicreg_r18_backbone.json,8c8f78461eb6184635edad6d3dc79f77cde1aea867c17de4b92b873099aa3639
vicreg_r18_normalized_backbone,10,6,scale,size,0.9982385039329529,9.699662768980488e-05,174,/home/lucas_bryant1/dnc2_s2/results/augmentation_survival_d871f4ed9809/controls/vicreg_r18_backbone/seed_6/metrics/hyperrect_vicreg_dsprites_epoch_10_vicreg_r18_backbone.json,2cbf8ee801467188297a9e62fc361f56a9f5a64bc46c67a151fe9446495cf8e6
vicreg_r18_normalized_backbone,10,6,posX,x-position,0.9986531138420105,9.699662768980488e-05,174,/home/lucas_bryant1/dnc2_s2/results/augmentation_survival_d871f4ed9809/controls/vicreg_r18_backbone/seed_6/metrics/hyperrect_vicreg_dsprites_epoch_10_vicreg_r18_backbone.json,2cbf8ee801467188297a9e62fc361f56a9f5a64bc46c67a151fe9446495cf8e6
vicreg_r18_normalized_backbone,10,6,posY,y-position,0.9987043142318726,9.699662768980488e-05,174,/home/lucas_bryant1/dnc2_s2/results/augmentation_survival_d871f4ed9809/controls/vicreg_r18_backbone/seed_6/metrics/hyperrect_vicreg_dsprites_epoch_10_vicreg_r18_backbone.json,2cbf8ee801467188297a9e62fc361f56a9f5a64bc46c67a151fe9446495cf8e6
vicreg_r18_normalized_backbone,40,6,scale,size,0.9991641044616699,0.00014885267592035234,244,/home/lucas_bryant1/dnc2_s2/results/augmentation_survival_d871f4ed9809/controls/vicreg_r18_backbone/seed_6/metrics/hyperrect_vicreg_dsprites_epoch_40_vicreg_r18_backbone.json,21cc74e86ff16d1955e1bca35b50f34160d85992abb9a3fbe17e4b8622769fe8
vicreg_r18_normalized_backbone,40,6,posX,x-position,0.9990015029907227,0.00014885267592035234,244,/home/lucas_bryant1/dnc2_s2/results/augmentation_survival_d871f4ed9809/controls/vicreg_r18_backbone/seed_6/metrics/hyperrect_vicreg_dsprites_epoch_40_vicreg_r18_backbone.json,21cc74e86ff16d1955e1bca35b50f34160d85992abb9a3fbe17e4b8622769fe8
vicreg_r18_normalized_backbone,40,6,posY,y-position,0.9990948438644409,0.00014885267592035234,244,/home/lucas_bryant1/dnc2_s2/results/augmentation_survival_d871f4ed9809/controls/vicreg_r18_backbone/seed_6/metrics/hyperrect_vicreg_dsprites_epoch_40_vicreg_r18_backbone.json,21cc74e86ff16d1955e1bca35b50f34160d85992abb9a3fbe17e4b8622769fe8
vicreg_r18_normalized_backbone,80,6,scale,size,0.9998713135719299,6.961822509765625e-05,253,/home/lucas_bryant1/dnc2_s2/results/augmentation_survival_d871f4ed9809/controls/vicreg_r18_backbone/seed_6/metrics/hyperrect_vicreg_dsprites_epoch_80_vicreg_r18_backbone.json,932c5fe8d667a0d6dc0b82fc17ac76035b4de5ea3c24a1f930f421dcc505a8a3
vicreg_r18_normalized_backbone,80,6,posX,x-position,0.9997236132621765,6.961822509765625e-05,253,/home/lucas_bryant1/dnc2_s2/results/augmentation_survival_d871f4ed9809/controls/vicreg_r18_backbone/seed_6/metrics/hyperrect_vicreg_dsprites_epoch_80_vicreg_r18_backbone.json,932c5fe8d667a0d6dc0b82fc17ac76035b4de5ea3c24a1f930f421dcc505a8a3
vicreg_r18_normalized_backbone,80,6,posY,y-position,0.9993972182273865,6.961822509765625e-05,253,/home/lucas_bryant1/dnc2_s2/results/augmentation_survival_d871f4ed9809/controls/vicreg_r18_backbone/seed_6/metrics/hyperrect_vicreg_dsprites_epoch_80_vicreg_r18_backbone.json,932c5fe8d667a0d6dc0b82fc17ac76035b4de5ea3c24a1f930f421dcc505a8a3
supervised_scale_r18_normalized_backbone,0,17,scale,size,0.9342118501663208,0.00024763745022937655,249,/home/lucas_bryant1/dnc2_s2/results/augmentation_survival_d871f4ed9809/controls/supervised_scale_r18_backbone/seed_17/metrics/hyperrect_supervised_dsprites_epoch_0_supervised_scale_r18_backbone.json,cd6eb8875cfe904845d8dfeef78fea4fbcaf2da6cf863e6636f4c23339ca6276
supervised_scale_r18_normalized_backbone,0,17,posX,x-position,0.9939278364181519,0.00024763745022937655,249,/home/lucas_bryant1/dnc2_s2/results/augmentation_survival_d871f4ed9809/controls/supervised_scale_r18_backbone/seed_17/metrics/hyperrect_supervised_dsprites_epoch_0_supervised_scale_r18_backbone.json,cd6eb8875cfe904845d8dfeef78fea4fbcaf2da6cf863e6636f4c23339ca6276
supervised_scale_r18_normalized_backbone,0,17,posY,y-position,0.9941307902336121,0.00024763745022937655,249,/home/lucas_bryant1/dnc2_s2/results/augmentation_survival_d871f4ed9809/controls/supervised_scale_r18_backbone/seed_17/metrics/hyperrect_supervised_dsprites_epoch_0_supervised_scale_r18_backbone.json,cd6eb8875cfe904845d8dfeef78fea4fbcaf2da6cf863e6636f4c23339ca6276
supervised_scale_r18_normalized_backbone,10,17,scale,size,0.9995134472846985,0.0003439188003540039,10,/home/lucas_bryant1/dnc2_s2/results/augmentation_survival_d871f4ed9809/controls/supervised_scale_r18_backbone/seed_17/metrics/hyperrect_supervised_dsprites_epoch_10_supervised_scale_r18_backbone.json,10ead1e690ecd211fdde38592aa673e50b53bcebbaa8c9ade60f40bfe078731f
supervised_scale_r18_normalized_backbone,10,17,posX,x-position,0.983859658241272,0.0003439188003540039,10,/home/lucas_bryant1/dnc2_s2/results/augmentation_survival_d871f4ed9809/controls/supervised_scale_r18_backbone/seed_17/metrics/hyperrect_supervised_dsprites_epoch_10_supervised_scale_r18_backbone.json,10ead1e690ecd211fdde38592aa673e50b53bcebbaa8c9ade60f40bfe078731f
supervised_scale_r18_normalized_backbone,10,17,posY,y-position,0.9859389662742615,0.0003439188003540039,10,/home/lucas_bryant1/dnc2_s2/results/augmentation_survival_d871f4ed9809/controls/supervised_scale_r18_backbone/seed_17/metrics/hyperrect_supervised_dsprites_epoch_10_supervised_scale_r18_backbone.json,10ead1e690ecd211fdde38592aa673e50b53bcebbaa8c9ade60f40bfe078731f
supervised_scale_r18_normalized_backbone,40,17,scale,size,0.9998685121536255,0.0001733700482873246,9,/home/lucas_bryant1/dnc2_s2/results/augmentation_survival_d871f4ed9809/controls/supervised_scale_r18_backbone/seed_17/metrics/hyperrect_supervised_dsprites_epoch_40_supervised_scale_r18_backbone.json,40d248771c0b88a035f2ace5782a17e1039c395ff4ef3ecb2dde71bfab0a9759
supervised_scale_r18_normalized_backbone,40,17,posX,x-position,0.9853678941726685,0.0001733700482873246,9,/home/lucas_bryant1/dnc2_s2/results/augmentation_survival_d871f4ed9809/controls/supervised_scale_r18_backbone/seed_17/metrics/hyperrect_supervised_dsprites_epoch_40_supervised_scale_r18_backbone.json,40d248771c0b88a035f2ace5782a17e1039c395ff4ef3ecb2dde71bfab0a9759
supervised_scale_r18_normalized_backbone,40,17,posY,y-position,0.9874470233917236,0.0001733700482873246,9,/home/lucas_bryant1/dnc2_s2/results/augmentation_survival_d871f4ed9809/controls/supervised_scale_r18_backbone/seed_17/metrics/hyperrect_supervised_dsprites_epoch_40_supervised_scale_r18_backbone.json,40d248771c0b88a035f2ace5782a17e1039c395ff4ef3ecb2dde71bfab0a9759
supervised_scale_r18_normalized_backbone,80,17,scale,size,0.9999234080314636,0.0002135435788659379,8,/home/lucas_bryant1/dnc2_s2/results/augmentation_survival_d871f4ed9809/controls/supervised_scale_r18_backbone/seed_17/metrics/hyperrect_supervised_dsprites_epoch_80_supervised_scale_r18_backbone.json,ec46a9975b14bad6c60712e7f66d459fdf098f8a9eb6504369f1236864125ca8
supervised_scale_r18_normalized_backbone,80,17,posX,x-position,0.9853442907333374,0.0002135435788659379,8,/home/lucas_bryant1/dnc2_s2/results/augmentation_survival_d871f4ed9809/controls/supervised_scale_r18_backbone/seed_17/metrics/hyperrect_supervised_dsprites_epoch_80_supervised_scale_r18_backbone.json,ec46a9975b14bad6c60712e7f66d459fdf098f8a9eb6504369f1236864125ca8
supervised_scale_r18_normalized_backbone,80,17,posY,y-position,0.9875736236572266,0.0002135435788659379,8,/home/lucas_bryant1/dnc2_s2/results/augmentation_survival_d871f4ed9809/controls/supervised_scale_r18_backbone/seed_17/metrics/hyperrect_supervised_dsprites_epoch_80_supervised_scale_r18_backbone.json,ec46a9975b14bad6c60712e7f66d459fdf098f8a9eb6504369f1236864125ca8
supervised_scale_r18_normalized_backbone,0,29,scale,size,0.9304210543632507,0.0006162723293527961,210,/home/lucas_bryant1/dnc2_s2/results/augmentation_survival_d871f4ed9809/controls/supervised_scale_r18_backbone/seed_29/metrics/hyperrect_supervised_dsprites_epoch_0_supervised_scale_r18_backbone.json,11e67d94074aa859b092f4ee0cdd7831d0d90af0687b9dd4af88b16f4a5c4c01
supervised_scale_r18_normalized_backbone,0,29,posX,x-position,0.9945982098579407,0.0006162723293527961,210,/home/lucas_bryant1/dnc2_s2/results/augmentation_survival_d871f4ed9809/controls/supervised_scale_r18_backbone/seed_29/metrics/hyperrect_supervised_dsprites_epoch_0_supervised_scale_r18_backbone.json,11e67d94074aa859b092f4ee0cdd7831d0d90af0687b9dd4af88b16f4a5c4c01
supervised_scale_r18_normalized_backbone,0,29,posY,y-position,0.9937596917152405,0.0006162723293527961,210,/home/lucas_bryant1/dnc2_s2/results/augmentation_survival_d871f4ed9809/controls/supervised_scale_r18_backbone/seed_29/metrics/hyperrect_supervised_dsprites_epoch_0_supervised_scale_r18_backbone.json,11e67d94074aa859b092f4ee0cdd7831d0d90af0687b9dd4af88b16f4a5c4c01
supervised_scale_r18_normalized_backbone,10,29,scale,size,0.9992538690567017,0.00023857752967160195,11,/home/lucas_bryant1/dnc2_s2/results/augmentation_survival_d871f4ed9809/controls/supervised_scale_r18_backbone/seed_29/metrics/hyperrect_supervised_dsprites_epoch_10_supervised_scale_r18_backbone.json,fe004c4015c2fecf2895161172a72bbf7ac301b19c0795d1853252c262918b3e
supervised_scale_r18_normalized_backbone,10,29,posX,x-position,0.9842533469200134,0.00023857752967160195,11,/home/lucas_bryant1/dnc2_s2/results/augmentation_survival_d871f4ed9809/controls/supervised_scale_r18_backbone/seed_29/metrics/hyperrect_supervised_dsprites_epoch_10_supervised_scale_r18_backbone.json,fe004c4015c2fecf2895161172a72bbf7ac301b19c0795d1853252c262918b3e
supervised_scale_r18_normalized_backbone,10,29,posY,y-position,0.9837491512298584,0.00023857752967160195,11,/home/lucas_bryant1/dnc2_s2/results/augmentation_survival_d871f4ed9809/controls/supervised_scale_r18_backbone/seed_29/metrics/hyperrect_supervised_dsprites_epoch_10_supervised_scale_r18_backbone.json,fe004c4015c2fecf2895161172a72bbf7ac301b19c0795d1853252c262918b3e
supervised_scale_r18_normalized_backbone,40,29,scale,size,0.9997628331184387,0.0003059307928197086,10,/home/lucas_bryant1/dnc2_s2/results/augmentation_survival_d871f4ed9809/controls/supervised_scale_r18_backbone/seed_29/metrics/hyperrect_supervised_dsprites_epoch_40_supervised_scale_r18_backbone.json,5187ca2fc2699bd76fce994113f6d6f6de593e9dadba302d3700d2982e8b7ada
supervised_scale_r18_normalized_backbone,40,29,posX,x-position,0.985939621925354,0.0003059307928197086,10,/home/lucas_bryant1/dnc2_s2/results/augmentation_survival_d871f4ed9809/controls/supervised_scale_r18_backbone/seed_29/metrics/hyperrect_supervised_dsprites_epoch_40_supervised_scale_r18_backbone.json,5187ca2fc2699bd76fce994113f6d6f6de593e9dadba302d3700d2982e8b7ada
supervised_scale_r18_normalized_backbone,40,29,posY,y-position,0.9861624836921692,0.0003059307928197086,10,/home/lucas_bryant1/dnc2_s2/results/augmentation_survival_d871f4ed9809/controls/supervised_scale_r18_backbone/seed_29/metrics/hyperrect_supervised_dsprites_epoch_40_supervised_scale_r18_backbone.json,5187ca2fc2699bd76fce994113f6d6f6de593e9dadba302d3700d2982e8b7ada
supervised_scale_r18_normalized_backbone,80,29,scale,size,0.9998435378074646,0.0004740556178148836,9,/home/lucas_bryant1/dnc2_s2/results/augmentation_survival_d871f4ed9809/controls/supervised_scale_r18_backbone/seed_29/metrics/hyperrect_supervised_dsprites_epoch_80_supervised_scale_r18_backbone.json,d7d27b4800fb88910a2ce13fe88b0c8bf1b3a54d984a6e8c9adf95431b1b8ae5
supervised_scale_r18_normalized_backbone,80,29,posX,x-position,0.9861000776290894,0.0004740556178148836,9,/home/lucas_bryant1/dnc2_s2/results/augmentation_survival_d871f4ed9809/controls/supervised_scale_r18_backbone/seed_29/metrics/hyperrect_supervised_dsprites_epoch_80_supervised_scale_r18_backbone.json,d7d27b4800fb88910a2ce13fe88b0c8bf1b3a54d984a6e8c9adf95431b1b8ae5
supervised_scale_r18_normalized_backbone,80,29,posY,y-position,0.9857509136199951,0.0004740556178148836,9,/home/lucas_bryant1/dnc2_s2/results/augmentation_survival_d871f4ed9809/controls/supervised_scale_r18_backbone/seed_29/metrics/hyperrect_supervised_dsprites_epoch_80_supervised_scale_r18_backbone.json,d7d27b4800fb88910a2ce13fe88b0c8bf1b3a54d984a6e8c9adf95431b1b8ae5
supervised_scale_r18_normalized_backbone,0,6,scale,size,0.9329394698143005,0.0009081761236302555,216,/home/lucas_bryant1/dnc2_s2/results/augmentation_survival_d871f4ed9809/controls/supervised_scale_r18_backbone/seed_6/metrics/hyperrect_supervised_dsprites_epoch_0_supervised_scale_r18_backbone.json,640f6487e991c1bb43c7cb06b94962399bb7af2ad8f77a8ca29bb1c23b490211
supervised_scale_r18_normalized_backbone,0,6,posX,x-position,0.9944475293159485,0.0009081761236302555,216,/home/lucas_bryant1/dnc2_s2/results/augmentation_survival_d871f4ed9809/controls/supervised_scale_r18_backbone/seed_6/metrics/hyperrect_supervised_dsprites_epoch_0_supervised_scale_r18_backbone.json,640f6487e991c1bb43c7cb06b94962399bb7af2ad8f77a8ca29bb1c23b490211
supervised_scale_r18_normalized_backbone,0,6,posY,y-position,0.9949564933776855,0.0009081761236302555,216,/home/lucas_bryant1/dnc2_s2/results/augmentation_survival_d871f4ed9809/controls/supervised_scale_r18_backbone/seed_6/metrics/hyperrect_supervised_dsprites_epoch_0_supervised_scale_r18_backbone.json,640f6487e991c1bb43c7cb06b94962399bb7af2ad8f77a8ca29bb1c23b490211
supervised_scale_r18_normalized_backbone,10,6,scale,size,0.9991932511329651,0.00046225389814935625,13,/home/lucas_bryant1/dnc2_s2/results/augmentation_survival_d871f4ed9809/controls/supervised_scale_r18_backbone/seed_6/metrics/hyperrect_supervised_dsprites_epoch_10_supervised_scale_r18_backbone.json,d6546656bb0128632ca9906df6c5e14df66effdcb09af1cf0238a3c25580dd8f
supervised_scale_r18_normalized_backbone,10,6,posX,x-position,0.981194019317627,0.00046225389814935625,13,/home/lucas_bryant1/dnc2_s2/results/augmentation_survival_d871f4ed9809/controls/supervised_scale_r18_backbone/seed_6/metrics/hyperrect_supervised_dsprites_epoch_10_supervised_scale_r18_backbone.json,d6546656bb0128632ca9906df6c5e14df66effdcb09af1cf0238a3c25580dd8f
supervised_scale_r18_normalized_backbone,10,6,posY,y-position,0.9832156896591187,0.00046225389814935625,13,/home/lucas_bryant1/dnc2_s2/results/augmentation_survival_d871f4ed9809/controls/supervised_scale_r18_backbone/seed_6/metrics/hyperrect_supervised_dsprites_epoch_10_supervised_scale_r18_backbone.json,d6546656bb0128632ca9906df6c5e14df66effdcb09af1cf0238a3c25580dd8f
supervised_scale_r18_normalized_backbone,40,6,scale,size,0.9997361302375793,0.0003485679626464844,10,/home/lucas_bryant1/dnc2_s2/results/augmentation_survival_d871f4ed9809/controls/supervised_scale_r18_backbone/seed_6/metrics/hyperrect_supervised_dsprites_epoch_40_supervised_scale_r18_backbone.json,cae8e0849b0a2ff9ba8e0cdc244da6fc6919416ab601bf83282a89d4ef418775
supervised_scale_r18_normalized_backbone,40,6,posX,x-position,0.9845013618469238,0.0003485679626464844,10,/home/lucas_bryant1/dnc2_s2/results/augmentation_survival_d871f4ed9809/controls/supervised_scale_r18_backbone/seed_6/metrics/hyperrect_supervised_dsprites_epoch_40_supervised_scale_r18_backbone.json,cae8e0849b0a2ff9ba8e0cdc244da6fc6919416ab601bf83282a89d4ef418775
supervised_scale_r18_normalized_backbone,40,6,posY,y-position,0.9842445254325867,0.0003485679626464844,10,/home/lucas_bryant1/dnc2_s2/results/augmentation_survival_d871f4ed9809/controls/supervised_scale_r18_backbone/seed_6/metrics/hyperrect_supervised_dsprites_epoch_40_supervised_scale_r18_backbone.json,cae8e0849b0a2ff9ba8e0cdc244da6fc6919416ab601bf83282a89d4ef418775
supervised_scale_r18_normalized_backbone,80,6,scale,size,0.9998392462730408,0.00024116039276123047,10,/home/lucas_bryant1/dnc2_s2/results/augmentation_survival_d871f4ed9809/controls/supervised_scale_r18_backbone/seed_6/metrics/hyperrect_supervised_dsprites_epoch_80_supervised_scale_r18_backbone.json,b05468be622f47c5f198addbdf1daca341e1feea68c7e99dd2e3acb0c7ff24d8
supervised_scale_r18_normalized_backbone,80,6,posX,x-position,0.9854760766029358,0.00024116039276123047,10,/home/lucas_bryant1/dnc2_s2/results/augmentation_survival_d871f4ed9809/controls/supervised_scale_r18_backbone/seed_6/metrics/hyperrect_supervised_dsprites_epoch_80_supervised_scale_r18_backbone.json,b05468be622f47c5f198addbdf1daca341e1feea68c7e99dd2e3acb0c7ff24d8
supervised_scale_r18_normalized_backbone,80,6,posY,y-position,0.9844020009040833,0.00024116039276123047,10,/home/lucas_bryant1/dnc2_s2/results/augmentation_survival_d871f4ed9809/controls/supervised_scale_r18_backbone/seed_6/metrics/hyperrect_supervised_dsprites_epoch_80_supervised_scale_r18_backbone.json,b05468be622f47c5f198addbdf1daca341e1feea68c7e99dd2e3acb0c7ff24d8
vicreg_r18_ssl_subspace,0,17,scale,size,0.9339854717254639,0.00024509429931640625,248,/home/lucas_bryant1/dnc2_s2/results/augmentation_survival_d871f4ed9809/conditions/all_shared/seed_17/metrics/hyperrect_vicreg_dsprites_epoch_0_all_shared.json,b3337810e022e5a82b571dd07186e20264fdaf462b5a3e1257d1412a9f5e0562
vicreg_r18_ssl_subspace,0,17,posX,x-position,0.9938932061195374,0.00024509429931640625,248,/home/lucas_bryant1/dnc2_s2/results/augmentation_survival_d871f4ed9809/conditions/all_shared/seed_17/metrics/hyperrect_vicreg_dsprites_epoch_0_all_shared.json,b3337810e022e5a82b571dd07186e20264fdaf462b5a3e1257d1412a9f5e0562
vicreg_r18_ssl_subspace,0,17,posY,y-position,0.9941374063491821,0.00024509429931640625,248,/home/lucas_bryant1/dnc2_s2/results/augmentation_survival_d871f4ed9809/conditions/all_shared/seed_17/metrics/hyperrect_vicreg_dsprites_epoch_0_all_shared.json,b3337810e022e5a82b571dd07186e20264fdaf462b5a3e1257d1412a9f5e0562
vicreg_r18_ssl_subspace,10,17,scale,size,0.9980059862136841,0.00015433630323968828,166,/home/lucas_bryant1/dnc2_s2/results/augmentation_survival_d871f4ed9809/conditions/all_shared/seed_17/metrics/hyperrect_vicreg_dsprites_epoch_10_all_shared.json,b8c25c24c972e5899f29c07df919740f52904f246d34ce480d7437d088c1a21b
vicreg_r18_ssl_subspace,10,17,posX,x-position,0.998725950717926,0.00015433630323968828,166,/home/lucas_bryant1/dnc2_s2/results/augmentation_survival_d871f4ed9809/conditions/all_shared/seed_17/metrics/hyperrect_vicreg_dsprites_epoch_10_all_shared.json,b8c25c24c972e5899f29c07df919740f52904f246d34ce480d7437d088c1a21b
vicreg_r18_ssl_subspace,10,17,posY,y-position,0.9987746477127075,0.00015433630323968828,166,/home/lucas_bryant1/dnc2_s2/results/augmentation_survival_d871f4ed9809/conditions/all_shared/seed_17/metrics/hyperrect_vicreg_dsprites_epoch_10_all_shared.json,b8c25c24c972e5899f29c07df919740f52904f246d34ce480d7437d088c1a21b
vicreg_r18_ssl_subspace,40,17,scale,size,0.9986381530761719,4.684925079345703e-05,231,/home/lucas_bryant1/dnc2_s2/results/augmentation_survival_d871f4ed9809/conditions/all_shared/seed_17/metrics/hyperrect_vicreg_dsprites_epoch_40_all_shared.json,29dc8792eb23b1668ce9faae1a63cd765fe8f8914fef966e00bd0b152727de8a
vicreg_r18_ssl_subspace,40,17,posX,x-position,0.9982061386108398,4.684925079345703e-05,231,/home/lucas_bryant1/dnc2_s2/results/augmentation_survival_d871f4ed9809/conditions/all_shared/seed_17/metrics/hyperrect_vicreg_dsprites_epoch_40_all_shared.json,29dc8792eb23b1668ce9faae1a63cd765fe8f8914fef966e00bd0b152727de8a
vicreg_r18_ssl_subspace,40,17,posY,y-position,0.9988778829574585,4.684925079345703e-05,231,/home/lucas_bryant1/dnc2_s2/results/augmentation_survival_d871f4ed9809/conditions/all_shared/seed_17/metrics/hyperrect_vicreg_dsprites_epoch_40_all_shared.json,29dc8792eb23b1668ce9faae1a63cd765fe8f8914fef966e00bd0b152727de8a
vicreg_r18_ssl_subspace,80,17,scale,size,0.99983811378479,5.9405963838798925e-05,254,/home/lucas_bryant1/dnc2_s2/results/augmentation_survival_d871f4ed9809/conditions/all_shared/seed_17/metrics/hyperrect_vicreg_dsprites_epoch_80_all_shared.json,aaa7796ab7b397a89f039b14e93e9cfb94a08fe31925f5954e660c34a0849ae9
vicreg_r18_ssl_subspace,80,17,posX,x-position,0.9995176792144775,5.9405963838798925e-05,254,/home/lucas_bryant1/dnc2_s2/results/augmentation_survival_d871f4ed9809/conditions/all_shared/seed_17/metrics/hyperrect_vicreg_dsprites_epoch_80_all_shared.json,aaa7796ab7b397a89f039b14e93e9cfb94a08fe31925f5954e660c34a0849ae9
vicreg_r18_ssl_subspace,80,17,posY,y-position,0.9999015927314758,5.9405963838798925e-05,254,/home/lucas_bryant1/dnc2_s2/results/augmentation_survival_d871f4ed9809/conditions/all_shared/seed_17/metrics/hyperrect_vicreg_dsprites_epoch_80_all_shared.json,aaa7796ab7b397a89f039b14e93e9cfb94a08fe31925f5954e660c34a0849ae9
vicreg_r18_ssl_subspace,0,29,scale,size,0.930482029914856,0.0006161133642308414,210,/home/lucas_bryant1/dnc2_s2/results/augmentation_survival_d871f4ed9809/conditions/all_shared/seed_29/metrics/hyperrect_vicreg_dsprites_epoch_0_all_shared.json,127f75450662e8294029461bc88487b9815a73990794ab6c70a8797d8937b571
vicreg_r18_ssl_subspace,0,29,posX,x-position,0.9946086406707764,0.0006161133642308414,210,/home/lucas_bryant1/dnc2_s2/results/augmentation_survival_d871f4ed9809/conditions/all_shared/seed_29/metrics/hyperrect_vicreg_dsprites_epoch_0_all_shared.json,127f75450662e8294029461bc88487b9815a73990794ab6c70a8797d8937b571
vicreg_r18_ssl_subspace,0,29,posY,y-position,0.9937196969985962,0.0006161133642308414,210,/home/lucas_bryant1/dnc2_s2/results/augmentation_survival_d871f4ed9809/conditions/all_shared/seed_29/metrics/hyperrect_vicreg_dsprites_epoch_0_all_shared.json,127f75450662e8294029461bc88487b9815a73990794ab6c70a8797d8937b571
vicreg_r18_ssl_subspace,10,29,scale,size,0.9978832602500916,0.00010458628821652383,163,/home/lucas_bryant1/dnc2_s2/results/augmentation_survival_d871f4ed9809/conditions/all_shared/seed_29/metrics/hyperrect_vicreg_dsprites_epoch_10_all_shared.json,7317da6166ba79838177f91f2502a9c8341f173e78a875bb669b9ae95fa0bf59
vicreg_r18_ssl_subspace,10,29,posX,x-position,0.9988928437232971,0.00010458628821652383,163,/home/lucas_bryant1/dnc2_s2/results/augmentation_survival_d871f4ed9809/conditions/all_shared/seed_29/metrics/hyperrect_vicreg_dsprites_epoch_10_all_shared.json,7317da6166ba79838177f91f2502a9c8341f173e78a875bb669b9ae95fa0bf59
vicreg_r18_ssl_subspace,10,29,posY,y-position,0.9986451864242554,0.00010458628821652383,163,/home/lucas_bryant1/dnc2_s2/results/augmentation_survival_d871f4ed9809/conditions/all_shared/seed_29/metrics/hyperrect_vicreg_dsprites_epoch_10_all_shared.json,7317da6166ba79838177f91f2502a9c8341f173e78a875bb669b9ae95fa0bf59
vicreg_r18_ssl_subspace,40,29,scale,size,0.9992080330848694,0.0001804033963708207,237,/home/lucas_bryant1/dnc2_s2/results/augmentation_survival_d871f4ed9809/conditions/all_shared/seed_29/metrics/hyperrect_vicreg_dsprites_epoch_40_all_shared.json,4c43bf5e0757fc0b8d307fa25fd246c0ebecea81c81193568ed95fd9a93ca66a
vicreg_r18_ssl_subspace,40,29,posX,x-position,0.999130368232727,0.0001804033963708207,237,/home/lucas_bryant1/dnc2_s2/results/augmentation_survival_d871f4ed9809/conditions/all_shared/seed_29/metrics/hyperrect_vicreg_dsprites_epoch_40_all_shared.json,4c43bf5e0757fc0b8d307fa25fd246c0ebecea81c81193568ed95fd9a93ca66a
vicreg_r18_ssl_subspace,40,29,posY,y-position,0.9984951019287109,0.0001804033963708207,237,/home/lucas_bryant1/dnc2_s2/results/augmentation_survival_d871f4ed9809/conditions/all_shared/seed_29/metrics/hyperrect_vicreg_dsprites_epoch_40_all_shared.json,4c43bf5e0757fc0b8d307fa25fd246c0ebecea81c81193568ed95fd9a93ca66a
vicreg_r18_ssl_subspace,80,29,scale,size,0.9996532797813416,0.0002268950192956254,252,/home/lucas_bryant1/dnc2_s2/results/augmentation_survival_d871f4ed9809/conditions/all_shared/seed_29/metrics/hyperrect_vicreg_dsprites_epoch_80_all_shared.json,535b1f5f3442f081872525977528d145ab67f4e679f2fab279d6af68b9cd7e38
vicreg_r18_ssl_subspace,80,29,posX,x-position,0.9994266033172607,0.0002268950192956254,252,/home/lucas_bryant1/dnc2_s2/results/augmentation_survival_d871f4ed9809/conditions/all_shared/seed_29/metrics/hyperrect_vicreg_dsprites_epoch_80_all_shared.json,535b1f5f3442f081872525977528d145ab67f4e679f2fab279d6af68b9cd7e38
vicreg_r18_ssl_subspace,80,29,posY,y-position,0.9991723895072937,0.0002268950192956254,252,/home/lucas_bryant1/dnc2_s2/results/augmentation_survival_d871f4ed9809/conditions/all_shared/seed_29/metrics/hyperrect_vicreg_dsprites_epoch_80_all_shared.json,535b1f5f3442f081872525977528d145ab67f4e679f2fab279d6af68b9cd7e38
vicreg_r18_ssl_subspace,0,6,scale,size,0.9329874515533447,0.0008858442306518555,217,/home/lucas_bryant1/dnc2_s2/results/augmentation_survival_d871f4ed9809/conditions/all_shared/seed_6/metrics/hyperrect_vicreg_dsprites_epoch_0_all_shared.json,c28a5a5baee68062a4c7ed61a7e1aa97e5dfa84dab8978eca7d4805cd7f48676
vicreg_r18_ssl_subspace,0,6,posX,x-position,0.9945117831230164,0.0008858442306518555,217,/home/lucas_bryant1/dnc2_s2/results/augmentation_survival_d871f4ed9809/conditions/all_shared/seed_6/metrics/hyperrect_vicreg_dsprites_epoch_0_all_shared.json,c28a5a5baee68062a4c7ed61a7e1aa97e5dfa84dab8978eca7d4805cd7f48676
vicreg_r18_ssl_subspace,0,6,posY,y-position,0.9949377775192261,0.0008858442306518555,217,/home/lucas_bryant1/dnc2_s2/results/augmentation_survival_d871f4ed9809/conditions/all_shared/seed_6/metrics/hyperrect_vicreg_dsprites_epoch_0_all_shared.json,c28a5a5baee68062a4c7ed61a7e1aa97e5dfa84dab8978eca7d4805cd7f48676
vicreg_r18_ssl_subspace,10,6,scale,size,0.9982346296310425,9.723504626890644e-05,174,/home/lucas_bryant1/dnc2_s2/results/augmentation_survival_d871f4ed9809/conditions/all_shared/seed_6/metrics/hyperrect_vicreg_dsprites_epoch_10_all_shared.json,aaf1989514a628adf9f9ca066aeec53f126af65e407a753aa5c63d144205ce15
vicreg_r18_ssl_subspace,10,6,posX,x-position,0.9986411333084106,9.723504626890644e-05,174,/home/lucas_bryant1/dnc2_s2/results/augmentation_survival_d871f4ed9809/conditions/all_shared/seed_6/metrics/hyperrect_vicreg_dsprites_epoch_10_all_shared.json,aaf1989514a628adf9f9ca066aeec53f126af65e407a753aa5c63d144205ce15
vicreg_r18_ssl_subspace,10,6,posY,y-position,0.9986966848373413,9.723504626890644e-05,174,/home/lucas_bryant1/dnc2_s2/results/augmentation_survival_d871f4ed9809/conditions/all_shared/seed_6/metrics/hyperrect_vicreg_dsprites_epoch_10_all_shared.json,aaf1989514a628adf9f9ca066aeec53f126af65e407a753aa5c63d144205ce15
vicreg_r18_ssl_subspace,40,6,scale,size,0.9991587996482849,0.0001485745160607621,244,/home/lucas_bryant1/dnc2_s2/results/augmentation_survival_d871f4ed9809/conditions/all_shared/seed_6/metrics/hyperrect_vicreg_dsprites_epoch_40_all_shared.json,bdf104a8cc9a547b936ef892ed02daabd54c00f15e4f7756ff476a65f5e39089
vicreg_r18_ssl_subspace,40,6,posX,x-position,0.9989938735961914,0.0001485745160607621,244,/home/lucas_bryant1/dnc2_s2/results/augmentation_survival_d871f4ed9809/conditions/all_shared/seed_6/metrics/hyperrect_vicreg_dsprites_epoch_40_all_shared.json,bdf104a8cc9a547b936ef892ed02daabd54c00f15e4f7756ff476a65f5e39089
vicreg_r18_ssl_subspace,40,6,posY,y-position,0.9990893602371216,0.0001485745160607621,244,/home/lucas_bryant1/dnc2_s2/results/augmentation_survival_d871f4ed9809/conditions/all_shared/seed_6/metrics/hyperrect_vicreg_dsprites_epoch_40_all_shared.json,bdf104a8cc9a547b936ef892ed02daabd54c00f15e4f7756ff476a65f5e39089
vicreg_r18_ssl_subspace,80,6,scale,size,0.999866247177124,7.005532825132832e-05,253,/home/lucas_bryant1/dnc2_s2/results/augmentation_survival_d871f4ed9809/conditions/all_shared/seed_6/metrics/hyperrect_vicreg_dsprites_epoch_80_all_shared.json,211fae2c3d7cadd5c60e0119539da199c3cc6254a176c95069aa8e8562713559
vicreg_r18_ssl_subspace,80,6,posX,x-position,0.9997178316116333,7.005532825132832e-05,253,/home/lucas_bryant1/dnc2_s2/results/augmentation_survival_d871f4ed9809/conditions/all_shared/seed_6/metrics/hyperrect_vicreg_dsprites_epoch_80_all_shared.json,211fae2c3d7cadd5c60e0119539da199c3cc6254a176c95069aa8e8562713559
vicreg_r18_ssl_subspace,80,6,posY,y-position,0.999392569065094,7.005532825132832e-05,253,/home/lucas_bryant1/dnc2_s2/results/augmentation_survival_d871f4ed9809/conditions/all_shared/seed_6/metrics/hyperrect_vicreg_dsprites_epoch_80_all_shared.json,211fae2c3d7cadd5c60e0119539da199c3cc6254a176c95069aa8e8562713559
vicreg_r50_ssl_subspace,0,17,scale,size,0.91221022605896,0.0004605849680956453,148,/home/lucas_bryant1/dnc2_s2/results/augmentation_survival_d871f4ed9809/controls/vicreg_r50_ssl/seed_17/metrics/hyperrect_vicreg_dsprites_epoch_0_vicreg_r50_ssl.json,c9928f67f7be28beeba8b465feef801aa754c948e071c04296de58cf8308e79f
vicreg_r50_ssl_subspace,0,17,posX,x-position,0.9970123767852783,0.0004605849680956453,148,/home/lucas_bryant1/dnc2_s2/results/augmentation_survival_d871f4ed9809/controls/vicreg_r50_ssl/seed_17/metrics/hyperrect_vicreg_dsprites_epoch_0_vicreg_r50_ssl.json,c9928f67f7be28beeba8b465feef801aa754c948e071c04296de58cf8308e79f
vicreg_r50_ssl_subspace,0,17,posY,y-position,0.9973087310791016,0.0004605849680956453,148,/home/lucas_bryant1/dnc2_s2/results/augmentation_survival_d871f4ed9809/controls/vicreg_r50_ssl/seed_17/metrics/hyperrect_vicreg_dsprites_epoch_0_vicreg_r50_ssl.json,c9928f67f7be28beeba8b465feef801aa754c948e071c04296de58cf8308e79f
vicreg_r50_ssl_subspace,10,17,scale,size,0.9983052015304565,7.482369983335957e-05,181,/home/lucas_bryant1/dnc2_s2/results/augmentation_survival_d871f4ed9809/controls/vicreg_r50_ssl/seed_17/metrics/hyperrect_vicreg_dsprites_epoch_10_vicreg_r50_ssl.json,aab4c524361d706c00d95ed444e88348976b2d7a2275aa193e5c2d03ec56235d
vicreg_r50_ssl_subspace,10,17,posX,x-position,0.9993515014648438,7.482369983335957e-05,181,/home/lucas_bryant1/dnc2_s2/results/augmentation_survival_d871f4ed9809/controls/vicreg_r50_ssl/seed_17/metrics/hyperrect_vicreg_dsprites_epoch_10_vicreg_r50_ssl.json,aab4c524361d706c00d95ed444e88348976b2d7a2275aa193e5c2d03ec56235d
vicreg_r50_ssl_subspace,10,17,posY,y-position,0.9992247223854065,7.482369983335957e-05,181,/home/lucas_bryant1/dnc2_s2/results/augmentation_survival_d871f4ed9809/controls/vicreg_r50_ssl/seed_17/metrics/hyperrect_vicreg_dsprites_epoch_10_vicreg_r50_ssl.json,aab4c524361d706c00d95ed444e88348976b2d7a2275aa193e5c2d03ec56235d
vicreg_r50_ssl_subspace,40,17,scale,size,0.9985474348068237,8.491675544064492e-05,262,/home/lucas_bryant1/dnc2_s2/results/augmentation_survival_d871f4ed9809/controls/vicreg_r50_ssl/seed_17/metrics/hyperrect_vicreg_dsprites_epoch_40_vicreg_r50_ssl.json,2e5967abfe52708ae6d18ef17f6ea7eeacf57324a0b4e3aa5f64a5a74262916c
vicreg_r50_ssl_subspace,40,17,posX,x-position,0.9985565543174744,8.491675544064492e-05,262,/home/lucas_bryant1/dnc2_s2/results/augmentation_survival_d871f4ed9809/controls/vicreg_r50_ssl/seed_17/metrics/hyperrect_vicreg_dsprites_epoch_40_vicreg_r50_ssl.json,2e5967abfe52708ae6d18ef17f6ea7eeacf57324a0b4e3aa5f64a5a74262916c
vicreg_r50_ssl_subspace,40,17,posY,y-position,0.99889075756073,8.491675544064492e-05,262,/home/lucas_bryant1/dnc2_s2/results/augmentation_survival_d871f4ed9809/controls/vicreg_r50_ssl/seed_17/metrics/hyperrect_vicreg_dsprites_epoch_40_vicreg_r50_ssl.json,2e5967abfe52708ae6d18ef17f6ea7eeacf57324a0b4e3aa5f64a5a74262916c
vicreg_r50_ssl_subspace,80,17,scale,size,0.9998199939727783,1.3113021850585938e-05,255,/home/lucas_bryant1/dnc2_s2/results/augmentation_survival_d871f4ed9809/controls/vicreg_r50_ssl/seed_17/metrics/hyperrect_vicreg_dsprites_epoch_80_vicreg_r50_ssl.json,ef3d01b25308f75550e6748017da5262e573e0779876aa1f7fbcb4668208feda
vicreg_r50_ssl_subspace,80,17,posX,x-position,0.9998776912689209,1.3113021850585938e-05,255,/home/lucas_bryant1/dnc2_s2/results/augmentation_survival_d871f4ed9809/controls/vicreg_r50_ssl/seed_17/metrics/hyperrect_vicreg_dsprites_epoch_80_vicreg_r50_ssl.json,ef3d01b25308f75550e6748017da5262e573e0779876aa1f7fbcb4668208feda
vicreg_r50_ssl_subspace,80,17,posY,y-position,0.9998902082443237,1.3113021850585938e-05,255,/home/lucas_bryant1/dnc2_s2/results/augmentation_survival_d871f4ed9809/controls/vicreg_r50_ssl/seed_17/metrics/hyperrect_vicreg_dsprites_epoch_80_vicreg_r50_ssl.json,ef3d01b25308f75550e6748017da5262e573e0779876aa1f7fbcb4668208feda
vicreg_r50_ssl_subspace,0,29,scale,size,0.9299786686897278,0.0004139344091527164,213,/home/lucas_bryant1/dnc2_s2/results/augmentation_survival_d871f4ed9809/controls/vicreg_r50_ssl/seed_29/metrics/hyperrect_vicreg_dsprites_epoch_0_vicreg_r50_ssl.json,0715c08a01ebe8fa65b88c0914c1fd77a459bf6ae8367d2d098576673aff2e02
vicreg_r50_ssl_subspace,0,29,posX,x-position,0.996787428855896,0.0004139344091527164,213,/home/lucas_bryant1/dnc2_s2/results/augmentation_survival_d871f4ed9809/controls/vicreg_r50_ssl/seed_29/metrics/hyperrect_vicreg_dsprites_epoch_0_vicreg_r50_ssl.json,0715c08a01ebe8fa65b88c0914c1fd77a459bf6ae8367d2d098576673aff2e02
vicreg_r50_ssl_subspace,0,29,posY,y-position,0.9969736337661743,0.0004139344091527164,213,/home/lucas_bryant1/dnc2_s2/results/augmentation_survival_d871f4ed9809/controls/vicreg_r50_ssl/seed_29/metrics/hyperrect_vicreg_dsprites_epoch_0_vicreg_r50_ssl.json,0715c08a01ebe8fa65b88c0914c1fd77a459bf6ae8367d2d098576673aff2e02
vicreg_r50_ssl_subspace,10,29,scale,size,0.9980582594871521,4.247824472258799e-05,179,/home/lucas_bryant1/dnc2_s2/results/augmentation_survival_d871f4ed9809/controls/vicreg_r50_ssl/seed_29/metrics/hyperrect_vicreg_dsprites_epoch_10_vicreg_r50_ssl.json,7d0e8367e1c111ef41ad3831f1c11b87b29bf139fcd914484345023e9a4aad29
vicreg_r50_ssl_subspace,10,29,posX,x-position,0.9994046092033386,4.247824472258799e-05,179,/home/lucas_bryant1/dnc2_s2/results/augmentation_survival_d871f4ed9809/controls/vicreg_r50_ssl/seed_29/metrics/hyperrect_vicreg_dsprites_epoch_10_vicreg_r50_ssl.json,7d0e8367e1c111ef41ad3831f1c11b87b29bf139fcd914484345023e9a4aad29
vicreg_r50_ssl_subspace,10,29,posY,y-position,0.9995132088661194,4.247824472258799e-05,179,/home/lucas_bryant1/dnc2_s2/results/augmentation_survival_d871f4ed9809/controls/vicreg_r50_ssl/seed_29/metrics/hyperrect_vicreg_dsprites_epoch_10_vicreg_r50_ssl.json,7d0e8367e1c111ef41ad3831f1c11b87b29bf139fcd914484345023e9a4aad29
vicreg_r50_ssl_subspace,40,29,scale,size,0.9996575117111206,4.466374957701191e-05,247,/home/lucas_bryant1/dnc2_s2/results/augmentation_survival_d871f4ed9809/controls/vicreg_r50_ssl/seed_29/metrics/hyperrect_vicreg_dsprites_epoch_40_vicreg_r50_ssl.json,6677a4baded3f38fc2104bfa1a646f78ce9240556723dd2cf23d6d031845be1d
vicreg_r50_ssl_subspace,40,29,posX,x-position,0.9997106194496155,4.466374957701191e-05,247,/home/lucas_bryant1/dnc2_s2/results/augmentation_survival_d871f4ed9809/controls/vicreg_r50_ssl/seed_29/metrics/hyperrect_vicreg_dsprites_epoch_40_vicreg_r50_ssl.json,6677a4baded3f38fc2104bfa1a646f78ce9240556723dd2cf23d6d031845be1d
vicreg_r50_ssl_subspace,40,29,posY,y-position,0.9997273683547974,4.466374957701191e-05,247,/home/lucas_bryant1/dnc2_s2/results/augmentation_survival_d871f4ed9809/controls/vicreg_r50_ssl/seed_29/metrics/hyperrect_vicreg_dsprites_epoch_40_vicreg_r50_ssl.json,6677a4baded3f38fc2104bfa1a646f78ce9240556723dd2cf23d6d031845be1d
vicreg_r50_ssl_subspace,80,29,scale,size,0.9997428059577942,4.076957702636719e-05,255,/home/lucas_bryant1/dnc2_s2/results/augmentation_survival_d871f4ed9809/controls/vicreg_r50_ssl/seed_29/metrics/hyperrect_vicreg_dsprites_epoch_80_vicreg_r50_ssl.json,e084a797d1385703920b21514b8a6cfb79bf81918b59091bebaf08f05ed18322
vicreg_r50_ssl_subspace,80,29,posX,x-position,0.999866247177124,4.076957702636719e-05,255,/home/lucas_bryant1/dnc2_s2/results/augmentation_survival_d871f4ed9809/controls/vicreg_r50_ssl/seed_29/metrics/hyperrect_vicreg_dsprites_epoch_80_vicreg_r50_ssl.json,e084a797d1385703920b21514b8a6cfb79bf81918b59091bebaf08f05ed18322
vicreg_r50_ssl_subspace,80,29,posY,y-position,0.9997698664665222,4.076957702636719e-05,255,/home/lucas_bryant1/dnc2_s2/results/augmentation_survival_d871f4ed9809/controls/vicreg_r50_ssl/seed_29/metrics/hyperrect_vicreg_dsprites_epoch_80_vicreg_r50_ssl.json,e084a797d1385703920b21514b8a6cfb79bf81918b59091bebaf08f05ed18322
vicreg_r50_ssl_subspace,0,6,scale,size,0.9301192760467529,0.00030807656003162265,173,/home/lucas_bryant1/dnc2_s2/results/augmentation_survival_d871f4ed9809/controls/vicreg_r50_ssl/seed_6/metrics/hyperrect_vicreg_dsprites_epoch_0_vicreg_r50_ssl.json,2bb7241534caa7737c4a6096000eb06071b49acfc8efb196f2a4a789aca67a63
vicreg_r50_ssl_subspace,0,6,posX,x-position,0.9964603781700134,0.00030807656003162265,173,/home/lucas_bryant1/dnc2_s2/results/augmentation_survival_d871f4ed9809/controls/vicreg_r50_ssl/seed_6/metrics/hyperrect_vicreg_dsprites_epoch_0_vicreg_r50_ssl.json,2bb7241534caa7737c4a6096000eb06071b49acfc8efb196f2a4a789aca67a63
vicreg_r50_ssl_subspace,0,6,posY,y-position,0.9964345693588257,0.00030807656003162265,173,/home/lucas_bryant1/dnc2_s2/results/augmentation_survival_d871f4ed9809/controls/vicreg_r50_ssl/seed_6/metrics/hyperrect_vicreg_dsprites_epoch_0_vicreg_r50_ssl.json,2bb7241534caa7737c4a6096000eb06071b49acfc8efb196f2a4a789aca67a63
vicreg_r50_ssl_subspace,10,6,scale,size,0.9986994862556458,7.947286212584004e-05,166,/home/lucas_bryant1/dnc2_s2/results/augmentation_survival_d871f4ed9809/controls/vicreg_r50_ssl/seed_6/metrics/hyperrect_vicreg_dsprites_epoch_10_vicreg_r50_ssl.json,24c32ba631a0b18cc5f488fa101e1f397193447af8d435e8d8753e7f394aeefc
vicreg_r50_ssl_subspace,10,6,posX,x-position,0.9995321035385132,7.947286212584004e-05,166,/home/lucas_bryant1/dnc2_s2/results/augmentation_survival_d871f4ed9809/controls/vicreg_r50_ssl/seed_6/metrics/hyperrect_vicreg_dsprites_epoch_10_vicreg_r50_ssl.json,24c32ba631a0b18cc5f488fa101e1f397193447af8d435e8d8753e7f394aeefc
vicreg_r50_ssl_subspace,10,6,posY,y-position,0.9995539784431458,7.947286212584004e-05,166,/home/lucas_bryant1/dnc2_s2/results/augmentation_survival_d871f4ed9809/controls/vicreg_r50_ssl/seed_6/metrics/hyperrect_vicreg_dsprites_epoch_10_vicreg_r50_ssl.json,24c32ba631a0b18cc5f488fa101e1f397193447af8d435e8d8753e7f394aeefc
vicreg_r50_ssl_subspace,40,6,scale,size,0.9995630979537964,4.6372413635253906e-05,192,/home/lucas_bryant1/dnc2_s2/results/augmentation_survival_d871f4ed9809/controls/vicreg_r50_ssl/seed_6/metrics/hyperrect_vicreg_dsprites_epoch_40_vicreg_r50_ssl.json,780cbed60120696f8dbad2c683905593c928b8fa769c7b80fb60e59ad53e1353
vicreg_r50_ssl_subspace,40,6,posX,x-position,0.9996285438537598,4.6372413635253906e-05,192,/home/lucas_bryant1/dnc2_s2/results/augmentation_survival_d871f4ed9809/controls/vicreg_r50_ssl/seed_6/metrics/hyperrect_vicreg_dsprites_epoch_40_vicreg_r50_ssl.json,780cbed60120696f8dbad2c683905593c928b8fa769c7b80fb60e59ad53e1353
vicreg_r50_ssl_subspace,40,6,posY,y-position,0.9996508955955505,4.6372413635253906e-05,192,/home/lucas_bryant1/dnc2_s2/results/augmentation_survival_d871f4ed9809/controls/vicreg_r50_ssl/seed_6/metrics/hyperrect_vicreg_dsprites_epoch_40_vicreg_r50_ssl.json,780cbed60120696f8dbad2c683905593c928b8fa769c7b80fb60e59ad53e1353
vicreg_r50_ssl_subspace,80,6,scale,size,0.9995231032371521,3.520647805999033e-05,236,/home/lucas_bryant1/dnc2_s2/results/augmentation_survival_d871f4ed9809/controls/vicreg_r50_ssl/seed_6/metrics/hyperrect_vicreg_dsprites_epoch_80_vicreg_r50_ssl.json,629fe6ac00dd609aac71a96f2dd473f87b42995d20ef9da9e84cfeaf6d00d2b6
vicreg_r50_ssl_subspace,80,6,posX,x-position,0.9995876550674438,3.520647805999033e-05,236,/home/lucas_bryant1/dnc2_s2/results/augmentation_survival_d871f4ed9809/controls/vicreg_r50_ssl/seed_6/metrics/hyperrect_vicreg_dsprites_epoch_80_vicreg_r50_ssl.json,629fe6ac00dd609aac71a96f2dd473f87b42995d20ef9da9e84cfeaf6d00d2b6
vicreg_r50_ssl_subspace,80,6,posY,y-position,0.9996967911720276,3.520647805999033e-05,236,/home/lucas_bryant1/dnc2_s2/results/augmentation_survival_d871f4ed9809/controls/vicreg_r50_ssl/seed_6/metrics/hyperrect_vicreg_dsprites_epoch_80_vicreg_r50_ssl.json,629fe6ac00dd609aac71a96f2dd473f87b42995d20ef9da9e84cfeaf6d00d2b6
