condition,condition_label,pair_factors,epoch,training_seed,task,task_label,capture_B,mean_abs_offdiag_cosine,source_json,source_sha256
all_shared,all shared,"[""scale"", ""posX"", ""posY""]",0,17,scale,size,0.9339854717254639,0.00024509429931640625,/home/lucas_bryant1/dnc2_s2/results/augmentation_survival_d871f4ed9809/conditions/all_shared/seed_17/metrics/hyperrect_vicreg_dsprites_epoch_0_all_shared.json,b3337810e022e5a82b571dd07186e20264fdaf462b5a3e1257d1412a9f5e0562
all_shared,all shared,"[""scale"", ""posX"", ""posY""]",0,17,posX,x-position,0.9938932061195374,0.00024509429931640625,/home/lucas_bryant1/dnc2_s2/results/augmentation_survival_d871f4ed9809/conditions/all_shared/seed_17/metrics/hyperrect_vicreg_dsprites_epoch_0_all_shared.json,b3337810e022e5a82b571dd07186e20264fdaf462b5a3e1257d1412a9f5e0562
all_shared,all shared,"[""scale"", ""posX"", ""posY""]",0,17,posY,y-position,0.9941374063491821,0.00024509429931640625,/home/lucas_bryant1/dnc2_s2/results/augmentation_survival_d871f4ed9809/conditions/all_shared/seed_17/metrics/hyperrect_vicreg_dsprites_epoch_0_all_shared.json,b3337810e022e5a82b571dd07186e20264fdaf462b5a3e1257d1412a9f5e0562
all_shared,all shared,"[""scale"", ""posX"", ""posY""]",10,17,scale,size,0.9980059862136841,0.00015433630323968828,/home/lucas_bryant1/dnc2_s2/results/augmentation_survival_d871f4ed9809/conditions/all_shared/seed_17/metrics/hyperrect_vicreg_dsprites_epoch_10_all_shared.json,b8c25c24c972e5899f29c07df919740f52904f246d34ce480d7437d088c1a21b
all_shared,all shared,"[""scale"", ""posX"", ""posY""]",10,17,posX,x-position,0.998725950717926,0.00015433630323968828,/home/lucas_bryant1/dnc2_s2/results/augmentation_survival_d871f4ed9809/conditions/all_shared/seed_17/metrics/hyperrect_vicreg_dsprites_epoch_10_all_shared.json,b8c25c24c972e5899f29c07df919740f52904f246d34ce480d7437d088c1a21b
all_shared,all shared,"[""scale"", ""posX"", ""posY""]",10,17,posY,y-position,0.9987746477127075,0.00015433630323968828,/home/lucas_bryant1/dnc2_s2/results/augmentation_survival_d871f4ed9809/conditions/all_shared/seed_17/metrics/hyperrect_vicreg_dsprites_epoch_10_all_shared.json,b8c25c24c972e5899f29c07df919740f52904f246d34ce480d7437d088c1a21b
all_shared,all shared,"[""scale"", ""posX"", ""posY""]",40,17,scale,size,0.9986381530761719,4.684925079345703e-05,/home/lucas_bryant1/dnc2_s2/results/augmentation_survival_d871f4ed9809/conditions/all_shared/seed_17/metrics/hyperrect_vicreg_dsprites_epoch_40_all_shared.json,29dc8792eb23b1668ce9faae1a63cd765fe8f8914fef966e00bd0b152727de8a
all_shared,all shared,"[""scale"", ""posX"", ""posY""]",40,17,posX,x-position,0.9982061386108398,4.684925079345703e-05,/home/lucas_bryant1/dnc2_s2/results/augmentation_survival_d871f4ed9809/conditions/all_shared/seed_17/metrics/hyperrect_vicreg_dsprites_epoch_40_all_shared.json,29dc8792eb23b1668ce9faae1a63cd765fe8f8914fef966e00bd0b152727de8a
all_shared,all shared,"[""scale"", ""posX"", ""posY""]",40,17,posY,y-position,0.9988778829574585,4.684925079345703e-05,/home/lucas_bryant1/dnc2_s2/results/augmentation_survival_d871f4ed9809/conditions/all_shared/seed_17/metrics/hyperrect_vicreg_dsprites_epoch_40_all_shared.json,29dc8792eb23b1668ce9faae1a63cd765fe8f8914fef966e00bd0b152727de8a
all_shared,all shared,"[""scale"", ""posX"", ""posY""]",80,17,scale,size,0.99983811378479,5.9405963838798925e-05,/home/lucas_bryant1/dnc2_s2/results/augmentation_survival_d871f4ed9809/conditions/all_shared/seed_17/metrics/hyperrect_vicreg_dsprites_epoch_80_all_shared.json,aaa7796ab7b397a89f039b14e93e9cfb94a08fe31925f5954e660c34a0849ae9
all_shared,all shared,"[""scale"", ""posX"", ""posY""]",80,17,posX,x-position,0.9995176792144775,5.9405963838798925e-05,/home/lucas_bryant1/dnc2_s2/results/augmentation_survival_d871f4ed9809/conditions/all_shared/seed_17/metrics/hyperrect_vicreg_dsprites_epoch_80_all_shared.json,aaa7796ab7b397a89f039b14e93e9cfb94a08fe31925f5954e660c34a0849ae9
all_shared,all shared,"[""scale"", ""posX"", ""posY""]",80,17,posY,y-position,0.9999015927314758,5.9405963838798925e-05,/home/lucas_bryant1/dnc2_s2/results/augmentation_survival_d871f4ed9809/conditions/all_shared/seed_17/metrics/hyperrect_vicreg_dsprites_epoch_80_all_shared.json,aaa7796ab7b397a89f039b14e93e9cfb94a08fe31925f5954e660c34a0849ae9
all_shared,all shared,"[""scale"", ""posX"", ""posY""]",0,29,scale,size,0.930482029914856,0.0006161133642308414,/home/lucas_bryant1/dnc2_s2/results/augmentation_survival_d871f4ed9809/conditions/all_shared/seed_29/metrics/hyperrect_vicreg_dsprites_epoch_0_all_shared.json,127f75450662e8294029461bc88487b9815a73990794ab6c70a8797d8937b571
all_shared,all shared,"[""scale"", ""posX"", ""posY""]",0,29,posX,x-position,0.9946086406707764,0.0006161133642308414,/home/lucas_bryant1/dnc2_s2/results/augmentation_survival_d871f4ed9809/conditions/all_shared/seed_29/metrics/hyperrect_vicreg_dsprites_epoch_0_all_shared.json,127f75450662e8294029461bc88487b9815a73990794ab6c70a8797d8937b571
all_shared,all shared,"[""scale"", ""posX"", ""posY""]",0,29,posY,y-position,0.9937196969985962,0.0006161133642308414,/home/lucas_bryant1/dnc2_s2/results/augmentation_survival_d871f4ed9809/conditions/all_shared/seed_29/metrics/hyperrect_vicreg_dsprites_epoch_0_all_shared.json,127f75450662e8294029461bc88487b9815a73990794ab6c70a8797d8937b571
all_shared,all shared,"[""scale"", ""posX"", ""posY""]",10,29,scale,size,0.9978832602500916,0.00010458628821652383,/home/lucas_bryant1/dnc2_s2/results/augmentation_survival_d871f4ed9809/conditions/all_shared/seed_29/metrics/hyperrect_vicreg_dsprites_epoch_10_all_shared.json,7317da6166ba79838177f91f2502a9c8341f173e78a875bb669b9ae95fa0bf59
all_shared,all shared,"[""scale"", ""posX"", ""posY""]",10,29,posX,x-position,0.9988928437232971,0.00010458628821652383,/home/lucas_bryant1/dnc2_s2/results/augmentation_survival_d871f4ed9809/conditions/all_shared/seed_29/metrics/hyperrect_vicreg_dsprites_epoch_10_all_shared.json,7317da6166ba79838177f91f2502a9c8341f173e78a875bb669b9ae95fa0bf59
all_shared,all shared,"[""scale"", ""posX"", ""posY""]",10,29,posY,y-position,0.9986451864242554,0.00010458628821652383,/home/lucas_bryant1/dnc2_s2/results/augmentation_survival_d871f4ed9809/conditions/all_shared/seed_29/metrics/hyperrect_vicreg_dsprites_epoch_10_all_shared.json,7317da6166ba79838177f91f2502a9c8341f173e78a875bb669b9ae95fa0bf59
all_shared,all shared,"[""scale"", ""posX"", ""posY""]",40,29,scale,size,0.9992080330848694,0.0001804033963708207,/home/lucas_bryant1/dnc2_s2/results/augmentation_survival_d871f4ed9809/conditions/all_shared/seed_29/metrics/hyperrect_vicreg_dsprites_epoch_40_all_shared.json,4c43bf5e0757fc0b8d307fa25fd246c0ebecea81c81193568ed95fd9a93ca66a
all_shared,all shared,"[""scale"", ""posX"", ""posY""]",40,29,posX,x-position,0.999130368232727,0.0001804033963708207,/home/lucas_bryant1/dnc2_s2/results/augmentation_survival_d871f4ed9809/conditions/all_shared/seed_29/metrics/hyperrect_vicreg_dsprites_epoch_40_all_shared.json,4c43bf5e0757fc0b8d307fa25fd246c0ebecea81c81193568ed95fd9a93ca66a
all_shared,all shared,"[""scale"", ""posX"", ""posY""]",40,29,posY,y-position,0.9984951019287109,0.0001804033963708207,/home/lucas_bryant1/dnc2_s2/results/augmentation_survival_d871f4ed9809/conditions/all_shared/seed_29/metrics/hyperrect_vicreg_dsprites_epoch_40_all_shared.json,4c43bf5e0757fc0b8d307fa25fd246c0ebecea81c81193568ed95fd9a93ca66a
all_shared,all shared,"[""scale"", ""posX"", ""posY""]",80,29,scale,size,0.9996532797813416,0.0002268950192956254,/home/lucas_bryant1/dnc2_s2/results/augmentation_survival_d871f4ed9809/conditions/all_shared/seed_29/metrics/hyperrect_vicreg_dsprites_epoch_80_all_shared.json,535b1f5f3442f081872525977528d145ab67f4e679f2fab279d6af68b9cd7e38
all_shared,all shared,"[""scale"", ""posX"", ""posY""]",80,29,posX,x-position,0.9994266033172607,0.0002268950192956254,/home/lucas_bryant1/dnc2_s2/results/augmentation_survival_d871f4ed9809/conditions/all_shared/seed_29/metrics/hyperrect_vicreg_dsprites_epoch_80_all_shared.json,535b1f5f3442f081872525977528d145ab67f4e679f2fab279d6af68b9cd7e38
all_shared,all shared,"[""scale"", ""posX"", ""posY""]",80,29,posY,y-position,0.9991723895072937,0.0002268950192956254,/home/lucas_bryant1/dnc2_s2/results/augmentation_survival_d871f4ed9809/conditions/all_shared/seed_29/metrics/hyperrect_vicreg_dsprites_epoch_80_all_shared.json,535b1f5f3442f081872525977528d145ab67f4e679f2fab279d6af68b9cd7e38
all_shared,all shared,"[""scale"", ""posX"", ""posY""]",0,6,scale,size,0.9329874515533447,0.0008858442306518555,/home/lucas_bryant1/dnc2_s2/results/augmentation_survival_d871f4ed9809/conditions/all_shared/seed_6/metrics/hyperrect_vicreg_dsprites_epoch_0_all_shared.json,c28a5a5baee68062a4c7ed61a7e1aa97e5dfa84dab8978eca7d4805cd7f48676
all_shared,all shared,"[""scale"", ""posX"", ""posY""]",0,6,posX,x-position,0.9945117831230164,0.0008858442306518555,/home/lucas_bryant1/dnc2_s2/results/augmentation_survival_d871f4ed9809/conditions/all_shared/seed_6/metrics/hyperrect_vicreg_dsprites_epoch_0_all_shared.json,c28a5a5baee68062a4c7ed61a7e1aa97e5dfa84dab8978eca7d4805cd7f48676
all_shared,all shared,"[""scale"", ""posX"", ""posY""]",0,6,posY,y-position,0.9949377775192261,0.0008858442306518555,/home/lucas_bryant1/dnc2_s2/results/augmentation_survival_d871f4ed9809/conditions/all_shared/seed_6/metrics/hyperrect_vicreg_dsprites_epoch_0_all_shared.json,c28a5a5baee68062a4c7ed61a7e1aa97e5dfa84dab8978eca7d4805cd7f48676
all_shared,all shared,"[""scale"", ""posX"", ""posY""]",10,6,scale,size,0.9982346296310425,9.723504626890644e-05,/home/lucas_bryant1/dnc2_s2/results/augmentation_survival_d871f4ed9809/conditions/all_shared/seed_6/metrics/hyperrect_vicreg_dsprites_epoch_10_all_shared.json,aaf1989514a628adf9f9ca066aeec53f126af65e407a753aa5c63d144205ce15
all_shared,all shared,"[""scale"", ""posX"", ""posY""]",10,6,posX,x-position,0.9986411333084106,9.723504626890644e-05,/home/lucas_bryant1/dnc2_s2/results/augmentation_survival_d871f4ed9809/conditions/all_shared/seed_6/metrics/hyperrect_vicreg_dsprites_epoch_10_all_shared.json,aaf1989514a628adf9f9ca066aeec53f126af65e407a753aa5c63d144205ce15
all_shared,all shared,"[""scale"", ""posX"", ""posY""]",10,6,posY,y-position,0.9986966848373413,9.723504626890644e-05,/home/lucas_bryant1/dnc2_s2/results/augmentation_survival_d871f4ed9809/conditions/all_shared/seed_6/metrics/hyperrect_vicreg_dsprites_epoch_10_all_shared.json,aaf1989514a628adf9f9ca066aeec53f126af65e407a753aa5c63d144205ce15
all_shared,all shared,"[""scale"", ""posX"", ""posY""]",40,6,scale,size,0.9991587996482849,0.0001485745160607621,/home/lucas_bryant1/dnc2_s2/results/augmentation_survival_d871f4ed9809/conditions/all_shared/seed_6/metrics/hyperrect_vicreg_dsprites_epoch_40_all_shared.json,bdf104a8cc9a547b936ef892ed02daabd54c00f15e4f7756ff476a65f5e39089
all_shared,all shared,"[""scale"", ""posX"", ""posY""]",40,6,posX,x-position,0.9989938735961914,0.0001485745160607621,/home/lucas_bryant1/dnc2_s2/results/augmentation_survival_d871f4ed9809/conditions/all_shared/seed_6/metrics/hyperrect_vicreg_dsprites_epoch_40_all_shared.json,bdf104a8cc9a547b936ef892ed02daabd54c00f15e4f7756ff476a65f5e39089
all_shared,all shared,"[""scale"", ""posX"", ""posY""]",40,6,posY,y-position,0.9990893602371216,0.0001485745160607621,/home/lucas_bryant1/dnc2_s2/results/augmentation_survival_d871f4ed9809/conditions/all_shared/seed_6/metrics/hyperrect_vicreg_dsprites_epoch_40_all_shared.json,bdf104a8cc9a547b936ef892ed02daabd54c00f15e4f7756ff476a65f5e39089
all_shared,all shared,"[""scale"", ""posX"", ""posY""]",80,6,scale,size,0.999866247177124,7.005532825132832e-05,/home/lucas_bryant1/dnc2_s2/results/augmentation_survival_d871f4ed9809/conditions/all_shared/seed_6/metrics/hyperrect_vicreg_dsprites_epoch_80_all_shared.json,211fae2c3d7cadd5c60e0119539da199c3cc6254a176c95069aa8e8562713559
all_shared,all shared,"[""scale"", ""posX"", ""posY""]",80,6,posX,x-position,0.9997178316116333,7.005532825132832e-05,/home/lucas_bryant1/dnc2_s2/results/augmentation_survival_d871f4ed9809/conditions/all_shared/seed_6/metrics/hyperrect_vicreg_dsprites_epoch_80_all_shared.json,211fae2c3d7cadd5c60e0119539da199c3cc6254a176c95069aa8e8562713559
all_shared,all shared,"[""scale"", ""posX"", ""posY""]",80,6,posY,y-position,0.999392569065094,7.005532825132832e-05,/home/lucas_bryant1/dnc2_s2/results/augmentation_survival_d871f4ed9809/conditions/all_shared/seed_6/metrics/hyperrect_vicreg_dsprites_epoch_80_all_shared.json,211fae2c3d7cadd5c60e0119539da199c3cc6254a176c95069aa8e8562713559
posX_varies,x-position varies,"[""scale"", ""posY""]",0,17,scale,size,0.9339199066162109,0.00027020773268304765,/home/lucas_bryant1/dnc2_s2/results/augmentation_survival_d871f4ed9809/conditions/posX_varies/seed_17/metrics/hyperrect_vicreg_dsprites_epoch_0_posx_varies.json,0f986936b20c6ee9b3e10001bd6b42cd651110c2e534ee6f86d29c9377bef4c7
posX_varies,x-position varies,"[""scale"", ""posY""]",0,17,posX,x-position,0.9939320087432861,0.00027020773268304765,/home/lucas_bryant1/dnc2_s2/results/augmentation_survival_d871f4ed9809/conditions/posX_varies/seed_17/metrics/hyperrect_vicreg_dsprites_epoch_0_posx_varies.json,0f986936b20c6ee9b3e10001bd6b42cd651110c2e534ee6f86d29c9377bef4c7
posX_varies,x-position varies,"[""scale"", ""posY""]",0,17,posY,y-position,0.9941179752349854,0.00027020773268304765,/home/lucas_bryant1/dnc2_s2/results/augmentation_survival_d871f4ed9809/conditions/posX_varies/seed_17/metrics/hyperrect_vicreg_dsprites_epoch_0_posx_varies.json,0f986936b20c6ee9b3e10001bd6b42cd651110c2e534ee6f86d29c9377bef4c7
posX_varies,x-position varies,"[""scale"", ""posY""]",10,17,scale,size,0.9993604421615601,0.000633200048469007,/home/lucas_bryant1/dnc2_s2/results/augmentation_survival_d871f4ed9809/conditions/posX_varies/seed_17/metrics/hyperrect_vicreg_dsprites_epoch_10_posx_varies.json,fa7189c62a885449e2837c9d728e1ff1aabb28610bfdd9da787d6e652878700a
posX_varies,x-position varies,"[""scale"", ""posY""]",10,17,posX,x-position,0.7539476156234741,0.000633200048469007,/home/lucas_bryant1/dnc2_s2/results/augmentation_survival_d871f4ed9809/conditions/posX_varies/seed_17/metrics/hyperrect_vicreg_dsprites_epoch_10_posx_varies.json,fa7189c62a885449e2837c9d728e1ff1aabb28610bfdd9da787d6e652878700a
posX_varies,x-position varies,"[""scale"", ""posY""]",10,17,posY,y-position,0.9997776746749878,0.000633200048469007,/home/lucas_bryant1/dnc2_s2/results/augmentation_survival_d871f4ed9809/conditions/posX_varies/seed_17/metrics/hyperrect_vicreg_dsprites_epoch_10_posx_varies.json,fa7189c62a885449e2837c9d728e1ff1aabb28610bfdd9da787d6e652878700a
posX_varies,x-position varies,"[""scale"", ""posY""]",40,17,scale,size,0.9997206926345825,0.025148114189505577,/home/lucas_bryant1/dnc2_s2/results/augmentation_survival_d871f4ed9809/conditions/posX_varies/seed_17/metrics/hyperrect_vicreg_dsprites_epoch_40_posx_varies.json,5833e27d1db9ad5a70dd3737a0bbef6a89206356c6040b273317d069dbd7afeb
posX_varies,x-position varies,"[""scale"", ""posY""]",40,17,posX,x-position,7.098450441844761e-05,0.025148114189505577,/home/lucas_bryant1/dnc2_s2/results/augmentation_survival_d871f4ed9809/conditions/posX_varies/seed_17/metrics/hyperrect_vicreg_dsprites_epoch_40_posx_varies.json,5833e27d1db9ad5a70dd3737a0bbef6a89206356c6040b273317d069dbd7afeb
posX_varies,x-position varies,"[""scale"", ""posY""]",40,17,posY,y-position,0.9999180436134338,0.025148114189505577,/home/lucas_bryant1/dnc2_s2/results/augmentation_survival_d871f4ed9809/conditions/posX_varies/seed_17/metrics/hyperrect_vicreg_dsprites_epoch_40_posx_varies.json,5833e27d1db9ad5a70dd3737a0bbef6a89206356c6040b273317d069dbd7afeb
posX_varies,x-position varies,"[""scale"", ""posY""]",80,17,scale,size,0.9997559785842896,0.021998565644025803,/home/lucas_bryant1/dnc2_s2/results/augmentation_survival_d871f4ed9809/conditions/posX_varies/seed_17/metrics/hyperrect_vicreg_dsprites_epoch_80_posx_varies.json,ca36c3869faa13428daa1a8d0385f70eede044cb9f04457417397215a9bd9c7b
posX_varies,x-position varies,"[""scale"", ""posY""]",80,17,posX,x-position,4.086304397787899e-05,0.021998565644025803,/home/lucas_bryant1/dnc2_s2/results/augmentation_survival_d871f4ed9809/conditions/posX_varies/seed_17/metrics/hyperrect_vicreg_dsprites_epoch_80_posx_varies.json,ca36c3869faa13428daa1a8d0385f70eede044cb9f04457417397215a9bd9c7b
posX_varies,x-position varies,"[""scale"", ""posY""]",80,17,posY,y-position,0.9999316334724426,0.021998565644025803,/home/lucas_bryant1/dnc2_s2/results/augmentation_survival_d871f4ed9809/conditions/posX_varies/seed_17/metrics/hyperrect_vicreg_dsprites_epoch_80_posx_varies.json,ca36c3869faa13428daa1a8d0385f70eede044cb9f04457417397215a9bd9c7b
posX_varies,x-position varies,"[""scale"", ""posY""]",0,29,scale,size,0.930261492729187,0.0006385644664987922,/home/lucas_bryant1/dnc2_s2/results/augmentation_survival_d871f4ed9809/conditions/posX_varies/seed_29/metrics/hyperrect_vicreg_dsprites_epoch_0_posx_varies.json,a1d5b608cc1a7989ff69045b196adae97929f9f549c7f41db5ff0f319f5994c8
posX_varies,x-position varies,"[""scale"", ""posY""]",0,29,posX,x-position,0.9945756196975708,0.0006385644664987922,/home/lucas_bryant1/dnc2_s2/results/augmentation_survival_d871f4ed9809/conditions/posX_varies/seed_29/metrics/hyperrect_vicreg_dsprites_epoch_0_posx_varies.json,a1d5b608cc1a7989ff69045b196adae97929f9f549c7f41db5ff0f319f5994c8
posX_varies,x-position varies,"[""scale"", ""posY""]",0,29,posY,y-position,0.9937388896942139,0.0006385644664987922,/home/lucas_bryant1/dnc2_s2/results/augmentation_survival_d871f4ed9809/conditions/posX_varies/seed_29/metrics/hyperrect_vicreg_dsprites_epoch_0_posx_varies.json,a1d5b608cc1a7989ff69045b196adae97929f9f549c7f41db5ff0f319f5994c8
posX_varies,x-position varies,"[""scale"", ""posY""]",10,29,scale,size,0.9990991353988647,0.0007799863815307617,/home/lucas_bryant1/dnc2_s2/results/augmentation_survival_d871f4ed9809/conditions/posX_varies/seed_29/metrics/hyperrect_vicreg_dsprites_epoch_10_posx_varies.json,3c25fdf68e17df8e48c166e415267b1e5a055cf7d448ae5c5726d26c09bc53d7
posX_varies,x-position varies,"[""scale"", ""posY""]",10,29,posX,x-position,0.8042933940887451,0.0007799863815307617,/home/lucas_bryant1/dnc2_s2/results/augmentation_survival_d871f4ed9809/conditions/posX_varies/seed_29/metrics/hyperrect_vicreg_dsprites_epoch_10_posx_varies.json,3c25fdf68e17df8e48c166e415267b1e5a055cf7d448ae5c5726d26c09bc53d7
posX_varies,x-position varies,"[""scale"", ""posY""]",10,29,posY,y-position,0.9997385740280151,0.0007799863815307617,/home/lucas_bryant1/dnc2_s2/results/augmentation_survival_d871f4ed9809/conditions/posX_varies/seed_29/metrics/hyperrect_vicreg_dsprites_epoch_10_posx_varies.json,3c25fdf68e17df8e48c166e415267b1e5a055cf7d448ae5c5726d26c09bc53d7
posX_varies,x-position varies,"[""scale"", ""posY""]",40,29,scale,size,0.999815821647644,0.029903611168265343,/home/lucas_bryant1/dnc2_s2/results/augmentation_survival_d871f4ed9809/conditions/posX_varies/seed_29/metrics/hyperrect_vicreg_dsprites_epoch_40_posx_varies.json,8b086dda6685d5cc37eef6e5a7b1b9c6d6eedafa17b21ad33a8354fc507875ff
posX_varies,x-position varies,"[""scale"", ""posY""]",40,29,posX,x-position,5.59494219487533e-05,0.029903611168265343,/home/lucas_bryant1/dnc2_s2/results/augmentation_survival_d871f4ed9809/conditions/posX_varies/seed_29/metrics/hyperrect_vicreg_dsprites_epoch_40_posx_varies.json,8b086dda6685d5cc37eef6e5a7b1b9c6d6eedafa17b21ad33a8354fc507875ff
posX_varies,x-position varies,"[""scale"", ""posY""]",40,29,posY,y-position,0.9999464154243469,0.029903611168265343,/home/lucas_bryant1/dnc2_s2/results/augmentation_survival_d871f4ed9809/conditions/posX_varies/seed_29/metrics/hyperrect_vicreg_dsprites_epoch_40_posx_varies.json,8b086dda6685d5cc37eef6e5a7b1b9c6d6eedafa17b21ad33a8354fc507875ff
posX_varies,x-position varies,"[""scale"", ""posY""]",80,29,scale,size,0.9998064637184143,0.0323714017868042,/home/lucas_bryant1/dnc2_s2/results/augmentation_survival_d871f4ed9809/conditions/posX_varies/seed_29/metrics/hyperrect_vicreg_dsprites_epoch_80_posx_varies.json,9927f6185b983f92777a3cfa5790b8f3efdf8278073e63f3a98dddb03f1d8d39
posX_varies,x-position varies,"[""scale"", ""posY""]",80,29,posX,x-position,2.831123310897965e-05,0.0323714017868042,/home/lucas_bryant1/dnc2_s2/results/augmentation_survival_d871f4ed9809/conditions/posX_varies/seed_29/metrics/hyperrect_vicreg_dsprites_epoch_80_posx_varies.json,9927f6185b983f92777a3cfa5790b8f3efdf8278073e63f3a98dddb03f1d8d39
posX_varies,x-position varies,"[""scale"", ""posY""]",80,29,posY,y-position,0.9999415874481201,0.0323714017868042,/home/lucas_bryant1/dnc2_s2/results/augmentation_survival_d871f4ed9809/conditions/posX_varies/seed_29/metrics/hyperrect_vicreg_dsprites_epoch_80_posx_varies.json,9927f6185b983f92777a3cfa5790b8f3efdf8278073e63f3a98dddb03f1d8d39
posX_varies,x-position varies,"[""scale"", ""posY""]",0,6,scale,size,0.9329261183738708,0.0008978049154393375,/home/lucas_bryant1/dnc2_s2/results/augmentation_survival_d871f4ed9809/conditions/posX_varies/seed_6/metrics/hyperrect_vicreg_dsprites_epoch_0_posx_varies.json,121e15e13331ec10f790f9681aaaf45e54f24fc88b08a9715d157f7a4586ba35
posX_varies,x-position varies,"[""scale"", ""posY""]",0,6,posX,x-position,0.9944010972976685,0.0008978049154393375,/home/lucas_bryant1/dnc2_s2/results/augmentation_survival_d871f4ed9809/conditions/posX_varies/seed_6/metrics/hyperrect_vicreg_dsprites_epoch_0_posx_varies.json,121e15e13331ec10f790f9681aaaf45e54f24fc88b08a9715d157f7a4586ba35
posX_varies,x-position varies,"[""scale"", ""posY""]",0,6,posY,y-position,0.9949144124984741,0.0008978049154393375,/home/lucas_bryant1/dnc2_s2/results/augmentation_survival_d871f4ed9809/conditions/posX_varies/seed_6/metrics/hyperrect_vicreg_dsprites_epoch_0_posx_varies.json,121e15e13331ec10f790f9681aaaf45e54f24fc88b08a9715d157f7a4586ba35
posX_varies,x-position varies,"[""scale"", ""posY""]",10,6,scale,size,0.9995071291923523,0.0006362994899973273,/home/lucas_bryant1/dnc2_s2/results/augmentation_survival_d871f4ed9809/conditions/posX_varies/seed_6/metrics/hyperrect_vicreg_dsprites_epoch_10_posx_varies.json,3077505ddfb76fa338cbd1e8b086f20619a58e6af553d644e8143d484cd63e72
posX_varies,x-position varies,"[""scale"", ""posY""]",10,6,posX,x-position,0.6342340707778931,0.0006362994899973273,/home/lucas_bryant1/dnc2_s2/results/augmentation_survival_d871f4ed9809/conditions/posX_varies/seed_6/metrics/hyperrect_vicreg_dsprites_epoch_10_posx_varies.json,3077505ddfb76fa338cbd1e8b086f20619a58e6af553d644e8143d484cd63e72
posX_varies,x-position varies,"[""scale"", ""posY""]",10,6,posY,y-position,0.9997667074203491,0.0006362994899973273,/home/lucas_bryant1/dnc2_s2/results/augmentation_survival_d871f4ed9809/conditions/posX_varies/seed_6/metrics/hyperrect_vicreg_dsprites_epoch_10_posx_varies.json,3077505ddfb76fa338cbd1e8b086f20619a58e6af553d644e8143d484cd63e72
posX_varies,x-position varies,"[""scale"", ""posY""]",40,6,scale,size,0.9995249509811401,0.0007867416134104133,/home/lucas_bryant1/dnc2_s2/results/augmentation_survival_d871f4ed9809/conditions/posX_varies/seed_6/metrics/hyperrect_vicreg_dsprites_epoch_40_posx_varies.json,54344eba55d02b3cd46228b8e224f02dcddc3333cee778ca6bb09de93022df88
posX_varies,x-position varies,"[""scale"", ""posY""]",40,6,posX,x-position,0.6882534027099609,0.0007867416134104133,/home/lucas_bryant1/dnc2_s2/results/augmentation_survival_d871f4ed9809/conditions/posX_varies/seed_6/metrics/hyperrect_vicreg_dsprites_epoch_40_posx_varies.json,54344eba55d02b3cd46228b8e224f02dcddc3333cee778ca6bb09de93022df88
posX_varies,x-position varies,"[""scale"", ""posY""]",40,6,posY,y-position,0.9997652769088745,0.0007867416134104133,/home/lucas_bryant1/dnc2_s2/results/augmentation_survival_d871f4ed9809/conditions/posX_varies/seed_6/metrics/hyperrect_vicreg_dsprites_epoch_40_posx_varies.json,54344eba55d02b3cd46228b8e224f02dcddc3333cee778ca6bb09de93022df88
posX_varies,x-position varies,"[""scale"", ""posY""]",80,6,scale,size,0.9998116493225098,0.07327406108379364,/home/lucas_bryant1/dnc2_s2/results/augmentation_survival_d871f4ed9809/conditions/posX_varies/seed_6/metrics/hyperrect_vicreg_dsprites_epoch_80_posx_varies.json,02e93827efd67605b9225666c66f7719bb138c3da20f2e49776d909326940cb1
posX_varies,x-position varies,"[""scale"", ""posY""]",80,6,posX,x-position,5.2793238864978775e-05,0.07327406108379364,/home/lucas_bryant1/dnc2_s2/results/augmentation_survival_d871f4ed9809/conditions/posX_varies/seed_6/metrics/hyperrect_vicreg_dsprites_epoch_80_posx_varies.json,02e93827efd67605b9225666c66f7719bb138c3da20f2e49776d909326940cb1
posX_varies,x-position varies,"[""scale"", ""posY""]",80,6,posY,y-position,0.9999085068702698,0.07327406108379364,/home/lucas_bryant1/dnc2_s2/results/augmentation_survival_d871f4ed9809/conditions/posX_varies/seed_6/metrics/hyperrect_vicreg_dsprites_epoch_80_posx_varies.json,02e93827efd67605b9225666c66f7719bb138c3da20f2e49776d909326940cb1
posY_varies,y-position varies,"[""scale"", ""posX""]",0,17,scale,size,0.9340399503707886,0.00024278959608636796,/home/lucas_bryant1/dnc2_s2/results/augmentation_survival_d871f4ed9809/conditions/posY_varies/seed_17/metrics/hyperrect_vicreg_dsprites_epoch_0_posy_varies.json,c82ae50b17ce9624e9fdcf02d61bafb8bc44a68e2706b9987a6d8f8fb26345e8
posY_varies,y-position varies,"[""scale"", ""posX""]",0,17,posX,x-position,0.9938923716545105,0.00024278959608636796,/home/lucas_bryant1/dnc2_s2/results/augmentation_survival_d871f4ed9809/conditions/posY_varies/seed_17/metrics/hyperrect_vicreg_dsprites_epoch_0_posy_varies.json,c82ae50b17ce9624e9fdcf02d61bafb8bc44a68e2706b9987a6d8f8fb26345e8
posY_varies,y-position varies,"[""scale"", ""posX""]",0,17,posY,y-position,0.994120717048645,0.00024278959608636796,/home/lucas_bryant1/dnc2_s2/results/augmentation_survival_d871f4ed9809/conditions/posY_varies/seed_17/metrics/hyperrect_vicreg_dsprites_epoch_0_posy_varies.json,c82ae50b17ce9624e9fdcf02d61bafb8bc44a68e2706b9987a6d8f8fb26345e8
posY_varies,y-position varies,"[""scale"", ""posX""]",10,17,scale,size,0.9993424415588379,0.0004781882162205875,/home/lucas_bryant1/dnc2_s2/results/augmentation_survival_d871f4ed9809/conditions/posY_varies/seed_17/metrics/hyperrect_vicreg_dsprites_epoch_10_posy_varies.json,f8129a46236caedb33f8239a323a955833424a7b2dd973a750134fb154f66872
posY_varies,y-position varies,"[""scale"", ""posX""]",10,17,posX,x-position,0.9997739791870117,0.0004781882162205875,/home/lucas_bryant1/dnc2_s2/results/augmentation_survival_d871f4ed9809/conditions/posY_varies/seed_17/metrics/hyperrect_vicreg_dsprites_epoch_10_posy_varies.json,f8129a46236caedb33f8239a323a955833424a7b2dd973a750134fb154f66872
posY_varies,y-position varies,"[""scale"", ""posX""]",10,17,posY,y-position,0.8079797029495239,0.0004781882162205875,/home/lucas_bryant1/dnc2_s2/results/augmentation_survival_d871f4ed9809/conditions/posY_varies/seed_17/metrics/hyperrect_vicreg_dsprites_epoch_10_posy_varies.json,f8129a46236caedb33f8239a323a955833424a7b2dd973a750134fb154f66872
posY_varies,y-position varies,"[""scale"", ""posX""]",40,17,scale,size,0.999807596206665,0.027478933334350586,/home/lucas_bryant1/dnc2_s2/results/augmentation_survival_d871f4ed9809/conditions/posY_varies/seed_17/metrics/hyperrect_vicreg_dsprites_epoch_40_posy_varies.json,8876d63152723190abb78a41da77012aa6a7cfa6fba59113b95c99b293576907
posY_varies,y-position varies,"[""scale"", ""posX""]",40,17,posX,x-position,0.9999275803565979,0.027478933334350586,/home/lucas_bryant1/dnc2_s2/results/augmentation_survival_d871f4ed9809/conditions/posY_varies/seed_17/metrics/hyperrect_vicreg_dsprites_epoch_40_posy_varies.json,8876d63152723190abb78a41da77012aa6a7cfa6fba59113b95c99b293576907
posY_varies,y-position varies,"[""scale"", ""posX""]",40,17,posY,y-position,0.00012590836558956653,0.027478933334350586,/home/lucas_bryant1/dnc2_s2/results/augmentation_survival_d871f4ed9809/conditions/posY_varies/seed_17/metrics/hyperrect_vicreg_dsprites_epoch_40_posy_varies.json,8876d63152723190abb78a41da77012aa6a7cfa6fba59113b95c99b293576907
posY_varies,y-position varies,"[""scale"", ""posX""]",80,17,scale,size,0.9998815655708313,0.0642341822385788,/home/lucas_bryant1/dnc2_s2/results/augmentation_survival_d871f4ed9809/conditions/posY_varies/seed_17/metrics/hyperrect_vicreg_dsprites_epoch_80_posy_varies.json,57dca16400a2576feeb4ed9189d7016eb3a2b2cd8642909bedd091d544610a4a
posY_varies,y-position varies,"[""scale"", ""posX""]",80,17,posX,x-position,0.9999568462371826,0.0642341822385788,/home/lucas_bryant1/dnc2_s2/results/augmentation_survival_d871f4ed9809/conditions/posY_varies/seed_17/metrics/hyperrect_vicreg_dsprites_epoch_80_posy_varies.json,57dca16400a2576feeb4ed9189d7016eb3a2b2cd8642909bedd091d544610a4a
posY_varies,y-position varies,"[""scale"", ""posX""]",80,17,posY,y-position,2.8186881536385044e-05,0.0642341822385788,/home/lucas_bryant1/dnc2_s2/results/augmentation_survival_d871f4ed9809/conditions/posY_varies/seed_17/metrics/hyperrect_vicreg_dsprites_epoch_80_posy_varies.json,57dca16400a2576feeb4ed9189d7016eb3a2b2cd8642909bedd091d544610a4a
posY_varies,y-position varies,"[""scale"", ""posX""]",0,29,scale,size,0.9301880598068237,0.0006192128057591617,/home/lucas_bryant1/dnc2_s2/results/augmentation_survival_d871f4ed9809/conditions/posY_varies/seed_29/metrics/hyperrect_vicreg_dsprites_epoch_0_posy_varies.json,e4915311e97e871b306b778bdf9bb862fa64a9bdc4a57c6eac25e752d636e4a1
posY_varies,y-position varies,"[""scale"", ""posX""]",0,29,posX,x-position,0.9945827722549438,0.0006192128057591617,/home/lucas_bryant1/dnc2_s2/results/augmentation_survival_d871f4ed9809/conditions/posY_varies/seed_29/metrics/hyperrect_vicreg_dsprites_epoch_0_posy_varies.json,e4915311e97e871b306b778bdf9bb862fa64a9bdc4a57c6eac25e752d636e4a1
posY_varies,y-position varies,"[""scale"", ""posX""]",0,29,posY,y-position,0.993779718875885,0.0006192128057591617,/home/lucas_bryant1/dnc2_s2/results/augmentation_survival_d871f4ed9809/conditions/posY_varies/seed_29/metrics/hyperrect_vicreg_dsprites_epoch_0_posy_varies.json,e4915311e97e871b306b778bdf9bb862fa64a9bdc4a57c6eac25e752d636e4a1
posY_varies,y-position varies,"[""scale"", ""posX""]",10,29,scale,size,0.9994447231292725,0.0009016990661621094,/home/lucas_bryant1/dnc2_s2/results/augmentation_survival_d871f4ed9809/conditions/posY_varies/seed_29/metrics/hyperrect_vicreg_dsprites_epoch_10_posy_varies.json,3292e29ba55a3b4a354d79107de8455d589d1fa7de87d46aa704990acf211778
posY_varies,y-position varies,"[""scale"", ""posX""]",10,29,posX,x-position,0.9998074173927307,0.0009016990661621094,/home/lucas_bryant1/dnc2_s2/results/augmentation_survival_d871f4ed9809/conditions/posY_varies/seed_29/metrics/hyperrect_vicreg_dsprites_epoch_10_posy_varies.json,3292e29ba55a3b4a354d79107de8455d589d1fa7de87d46aa704990acf211778
posY_varies,y-position varies,"[""scale"", ""posX""]",10,29,posY,y-position,0.6186907291412354,0.0009016990661621094,/home/lucas_bryant1/dnc2_s2/results/augmentation_survival_d871f4ed9809/conditions/posY_varies/seed_29/metrics/hyperrect_vicreg_dsprites_epoch_10_posy_varies.json,3292e29ba55a3b4a354d79107de8455d589d1fa7de87d46aa704990acf211778
posY_varies,y-position varies,"[""scale"", ""posX""]",40,29,scale,size,0.9998260736465454,0.04274451732635498,/home/lucas_bryant1/dnc2_s2/results/augmentation_survival_d871f4ed9809/conditions/posY_varies/seed_29/metrics/hyperrect_vicreg_dsprites_epoch_40_posy_varies.json,eeb43749ba48da64a60bd7b83b8669de2dfb788b897214ec332bf6e32b844cfb
posY_varies,y-position varies,"[""scale"", ""posX""]",40,29,posX,x-position,0.9999381303787231,0.04274451732635498,/home/lucas_bryant1/dnc2_s2/results/augmentation_survival_d871f4ed9809/conditions/posY_varies/seed_29/metrics/hyperrect_vicreg_dsprites_epoch_40_posy_varies.json,eeb43749ba48da64a60bd7b83b8669de2dfb788b897214ec332bf6e32b844cfb
posY_varies,y-position varies,"[""scale"", ""posX""]",40,29,posY,y-position,2.995362228830345e-05,0.04274451732635498,/home/lucas_bryant1/dnc2_s2/results/augmentation_survival_d871f4ed9809/conditions/posY_varies/seed_29/metrics/hyperrect_vicreg_dsprites_epoch_40_posy_varies.json,eeb43749ba48da64a60bd7b83b8669de2dfb788b897214ec332bf6e32b844cfb
posY_varies,y-position varies,"[""scale"", ""posX""]",80,29,scale,size,0.9998867511749268,0.07804898917675018,/home/lucas_bryant1/dnc2_s2/results/augmentation_survival_d871f4ed9809/conditions/posY_varies/seed_29/metrics/hyperrect_vicreg_dsprites_epoch_80_posy_varies.json,c28f42480b49ff9a8c990efa4d6d2d4eceeecce22bd94a31f936f249b57d3930
posY_varies,y-position varies,"[""scale"", ""posX""]",80,29,posX,x-position,0.99996018409729,0.07804898917675018,/home/lucas_bryant1/dnc2_s2/results/augmentation_survival_d871f4ed9809/conditions/posY_varies/seed_29/metrics/hyperrect_vicreg_dsprites_epoch_80_posy_varies.json,c28f42480b49ff9a8c990efa4d6d2d4eceeecce22bd94a31f936f249b57d3930
posY_varies,y-position varies,"[""scale"", ""posX""]",80,29,posY,y-position,2.57480514846975e-05,0.07804898917675018,/home/lucas_bryant1/dnc2_s2/results/augmentation_survival_d871f4ed9809/conditions/posY_varies/seed_29/metrics/hyperrect_vicreg_dsprites_epoch_80_posy_varies.json,c28f42480b49ff9a8c990efa4d6d2d4eceeecce22bd94a31f936f249b57d3930
posY_varies,y-position varies,"[""scale"", ""posX""]",0,6,scale,size,0.9332437515258789,0.0008278688183054328,/home/lucas_bryant1/dnc2_s2/results/augmentation_survival_d871f4ed9809/conditions/posY_varies/seed_6/metrics/hyperrect_vicreg_dsprites_epoch_0_posy_varies.json,a4454b821320c2a35e77b35739cbb866a5807f2cea04bf1aef7ff9b5cbcc8468
posY_varies,y-position varies,"[""scale"", ""posX""]",0,6,posX,x-position,0.9944868087768555,0.0008278688183054328,/home/lucas_bryant1/dnc2_s2/results/augmentation_survival_d871f4ed9809/conditions/posY_varies/seed_6/metrics/hyperrect_vicreg_dsprites_epoch_0_posy_varies.json,a4454b821320c2a35e77b35739cbb866a5807f2cea04bf1aef7ff9b5cbcc8468
posY_varies,y-position varies,"[""scale"", ""posX""]",0,6,posY,y-position,0.9949879050254822,0.0008278688183054328,/home/lucas_bryant1/dnc2_s2/results/augmentation_survival_d871f4ed9809/conditions/posY_varies/seed_6/metrics/hyperrect_vicreg_dsprites_epoch_0_posy_varies.json,a4454b821320c2a35e77b35739cbb866a5807f2cea04bf1aef7ff9b5cbcc8468
posY_varies,y-position varies,"[""scale"", ""posX""]",10,6,scale,size,0.9993289113044739,0.0008327166433446109,/home/lucas_bryant1/dnc2_s2/results/augmentation_survival_d871f4ed9809/conditions/posY_varies/seed_6/metrics/hyperrect_vicreg_dsprites_epoch_10_posy_varies.json,8c9318c9929b47516062f453f903540bd377640574b3765d40a5132cb0b8fa51
posY_varies,y-position varies,"[""scale"", ""posX""]",10,6,posX,x-position,0.9997174143791199,0.0008327166433446109,/home/lucas_bryant1/dnc2_s2/results/augmentation_survival_d871f4ed9809/conditions/posY_varies/seed_6/metrics/hyperrect_vicreg_dsprites_epoch_10_posy_varies.json,8c9318c9929b47516062f453f903540bd377640574b3765d40a5132cb0b8fa51
posY_varies,y-position varies,"[""scale"", ""posX""]",10,6,posY,y-position,0.7470599412918091,0.0008327166433446109,/home/lucas_bryant1/dnc2_s2/results/augmentation_survival_d871f4ed9809/conditions/posY_varies/seed_6/metrics/hyperrect_vicreg_dsprites_epoch_10_posy_varies.json,8c9318c9929b47516062f453f903540bd377640574b3765d40a5132cb0b8fa51
posY_varies,y-position varies,"[""scale"", ""posX""]",40,6,scale,size,0.9998281002044678,0.04456901550292969,/home/lucas_bryant1/dnc2_s2/results/augmentation_survival_d871f4ed9809/conditions/posY_varies/seed_6/metrics/hyperrect_vicreg_dsprites_epoch_40_posy_varies.json,6dce468954365997b9ee64de02393ef4db6646ab280aab0147333fad5bde802e
posY_varies,y-position varies,"[""scale"", ""posX""]",40,6,posX,x-position,0.9999270439147949,0.04456901550292969,/home/lucas_bryant1/dnc2_s2/results/augmentation_survival_d871f4ed9809/conditions/posY_varies/seed_6/metrics/hyperrect_vicreg_dsprites_epoch_40_posy_varies.json,6dce468954365997b9ee64de02393ef4db6646ab280aab0147333fad5bde802e
posY_varies,y-position varies,"[""scale"", ""posX""]",40,6,posY,y-position,6.595884769922122e-05,0.04456901550292969,/home/lucas_bryant1/dnc2_s2/results/augmentation_survival_d871f4ed9809/conditions/posY_varies/seed_6/metrics/hyperrect_vicreg_dsprites_epoch_40_posy_varies.json,6dce468954365997b9ee64de02393ef4db6646ab280aab0147333fad5bde802e
posY_varies,y-position varies,"[""scale"", ""posX""]",80,6,scale,size,0.9996060132980347,0.022770127281546593,/home/lucas_bryant1/dnc2_s2/results/augmentation_survival_d871f4ed9809/conditions/posY_varies/seed_6/metrics/hyperrect_vicreg_dsprites_epoch_80_posy_varies.json,870f9df4aab195026ca6f3211e7634e8d811a009d3fab93a38efb73870c4197c
posY_varies,y-position varies,"[""scale"", ""posX""]",80,6,posX,x-position,0.9998581409454346,0.022770127281546593,/home/lucas_bryant1/dnc2_s2/results/augmentation_survival_d871f4ed9809/conditions/posY_varies/seed_6/metrics/hyperrect_vicreg_dsprites_epoch_80_posy_varies.json,870f9df4aab195026ca6f3211e7634e8d811a009d3fab93a38efb73870c4197c
posY_varies,y-position varies,"[""scale"", ""posX""]",80,6,posY,y-position,0.00022188830189406872,0.022770127281546593,/home/lucas_bryant1/dnc2_s2/results/augmentation_survival_d871f4ed9809/conditions/posY_varies/seed_6/metrics/hyperrect_vicreg_dsprites_epoch_80_posy_varies.json,870f9df4aab195026ca6f3211e7634e8d811a009d3fab93a38efb73870c4197c
scale_varies,size varies,"[""posX"", ""posY""]",0,17,scale,size,0.9338767528533936,0.0002885262365452945,/home/lucas_bryant1/dnc2_s2/results/augmentation_survival_d871f4ed9809/conditions/scale_varies/seed_17/metrics/hyperrect_vicreg_dsprites_epoch_0_scale_varies.json,f3da9f8825ac18a450f24d828162cef6a973ebc66323164d4b3d20e76ac65d99
scale_varies,size varies,"[""posX"", ""posY""]",0,17,posX,x-position,0.9938927888870239,0.0002885262365452945,/home/lucas_bryant1/dnc2_s2/results/augmentation_survival_d871f4ed9809/conditions/scale_varies/seed_17/metrics/hyperrect_vicreg_dsprites_epoch_0_scale_varies.json,f3da9f8825ac18a450f24d828162cef6a973ebc66323164d4b3d20e76ac65d99
scale_varies,size varies,"[""posX"", ""posY""]",0,17,posY,y-position,0.9941048622131348,0.0002885262365452945,/home/lucas_bryant1/dnc2_s2/results/augmentation_survival_d871f4ed9809/conditions/scale_varies/seed_17/metrics/hyperrect_vicreg_dsprites_epoch_0_scale_varies.json,f3da9f8825ac18a450f24d828162cef6a973ebc66323164d4b3d20e76ac65d99
scale_varies,size varies,"[""posX"", ""posY""]",10,17,scale,size,0.5537927150726318,0.0008379618520848453,/home/lucas_bryant1/dnc2_s2/results/augmentation_survival_d871f4ed9809/conditions/scale_varies/seed_17/metrics/hyperrect_vicreg_dsprites_epoch_10_scale_varies.json,8f257102c3f7239cac0a5700ca8db9dfbd11a26708ab9488c08ca0a02c12897f
scale_varies,size varies,"[""posX"", ""posY""]",10,17,posX,x-position,0.9995768070220947,0.0008379618520848453,/home/lucas_bryant1/dnc2_s2/results/augmentation_survival_d871f4ed9809/conditions/scale_varies/seed_17/metrics/hyperrect_vicreg_dsprites_epoch_10_scale_varies.json,8f257102c3f7239cac0a5700ca8db9dfbd11a26708ab9488c08ca0a02c12897f
scale_varies,size varies,"[""posX"", ""posY""]",10,17,posY,y-position,0.9996877908706665,0.0008379618520848453,/home/lucas_bryant1/dnc2_s2/results/augmentation_survival_d871f4ed9809/conditions/scale_varies/seed_17/metrics/hyperrect_vicreg_dsprites_epoch_10_scale_varies.json,8f257102c3f7239cac0a5700ca8db9dfbd11a26708ab9488c08ca0a02c12897f
scale_varies,size varies,"[""posX"", ""posY""]",40,17,scale,size,0.00011618135613389313,0.03844960778951645,/home/lucas_bryant1/dnc2_s2/results/augmentation_survival_d871f4ed9809/conditions/scale_varies/seed_17/metrics/hyperrect_vicreg_dsprites_epoch_40_scale_varies.json,95477a6fa3278bd54e732e1239069668227369457b8b52867cdc67a86db9ba0b
scale_varies,size varies,"[""posX"", ""posY""]",40,17,posX,x-position,0.9998677372932434,0.03844960778951645,/home/lucas_bryant1/dnc2_s2/results/augmentation_survival_d871f4ed9809/conditions/scale_varies/seed_17/metrics/hyperrect_vicreg_dsprites_epoch_40_scale_varies.json,95477a6fa3278bd54e732e1239069668227369457b8b52867cdc67a86db9ba0b
scale_varies,size varies,"[""posX"", ""posY""]",40,17,posY,y-position,0.999871015548706,0.03844960778951645,/home/lucas_bryant1/dnc2_s2/results/augmentation_survival_d871f4ed9809/conditions/scale_varies/seed_17/metrics/hyperrect_vicreg_dsprites_epoch_40_scale_varies.json,95477a6fa3278bd54e732e1239069668227369457b8b52867cdc67a86db9ba0b
scale_varies,size varies,"[""posX"", ""posY""]",80,17,scale,size,2.900015897466801e-05,0.015686672180891037,/home/lucas_bryant1/dnc2_s2/results/augmentation_survival_d871f4ed9809/conditions/scale_varies/seed_17/metrics/hyperrect_vicreg_dsprites_epoch_80_scale_varies.json,279639a3ca55cc7503668f7259d46453fc0935f30424740ac35b06e3c6ba4d0a
scale_varies,size varies,"[""posX"", ""posY""]",80,17,posX,x-position,0.9999135136604309,0.015686672180891037,/home/lucas_bryant1/dnc2_s2/results/augmentation_survival_d871f4ed9809/conditions/scale_varies/seed_17/metrics/hyperrect_vicreg_dsprites_epoch_80_scale_varies.json,279639a3ca55cc7503668f7259d46453fc0935f30424740ac35b06e3c6ba4d0a
scale_varies,size varies,"[""posX"", ""posY""]",80,17,posY,y-position,0.9999092817306519,0.015686672180891037,/home/lucas_bryant1/dnc2_s2/results/augmentation_survival_d871f4ed9809/conditions/scale_varies/seed_17/metrics/hyperrect_vicreg_dsprites_epoch_80_scale_varies.json,279639a3ca55cc7503668f7259d46453fc0935f30424740ac35b06e3c6ba4d0a
scale_varies,size varies,"[""posX"", ""posY""]",0,29,scale,size,0.9302116632461548,0.0006345908041112125,/home/lucas_bryant1/dnc2_s2/results/augmentation_survival_d871f4ed9809/conditions/scale_varies/seed_29/metrics/hyperrect_vicreg_dsprites_epoch_0_scale_varies.json,9b1fddb6151952e02c1a761295ebfaab1a75a411921207b97eb6a3a9bc533972
scale_varies,size varies,"[""posX"", ""posY""]",0,29,posX,x-position,0.994584321975708,0.0006345908041112125,/home/lucas_bryant1/dnc2_s2/results/augmentation_survival_d871f4ed9809/conditions/scale_varies/seed_29/metrics/hyperrect_vicreg_dsprites_epoch_0_scale_varies.json,9b1fddb6151952e02c1a761295ebfaab1a75a411921207b97eb6a3a9bc533972
scale_varies,size varies,"[""posX"", ""posY""]",0,29,posY,y-position,0.9937570095062256,0.0006345908041112125,/home/lucas_bryant1/dnc2_s2/results/augmentation_survival_d871f4ed9809/conditions/scale_varies/seed_29/metrics/hyperrect_vicreg_dsprites_epoch_0_scale_varies.json,9b1fddb6151952e02c1a761295ebfaab1a75a411921207b97eb6a3a9bc533972
scale_varies,size varies,"[""posX"", ""posY""]",10,29,scale,size,0.0026873359456658363,0.0223543643951416,/home/lucas_bryant1/dnc2_s2/results/augmentation_survival_d871f4ed9809/conditions/scale_varies/seed_29/metrics/hyperrect_vicreg_dsprites_epoch_10_scale_varies.json,6d316d57dc051080efcee87d8ebd53ea934500a1e9d325d94b9325bb096b99bf
scale_varies,size varies,"[""posX"", ""posY""]",10,29,posX,x-position,0.999807596206665,0.0223543643951416,/home/lucas_bryant1/dnc2_s2/results/augmentation_survival_d871f4ed9809/conditions/scale_varies/seed_29/metrics/hyperrect_vicreg_dsprites_epoch_10_scale_varies.json,6d316d57dc051080efcee87d8ebd53ea934500a1e9d325d94b9325bb096b99bf
scale_varies,size varies,"[""posX"", ""posY""]",10,29,posY,y-position,0.999769926071167,0.0223543643951416,/home/lucas_bryant1/dnc2_s2/results/augmentation_survival_d871f4ed9809/conditions/scale_varies/seed_29/metrics/hyperrect_vicreg_dsprites_epoch_10_scale_varies.json,6d316d57dc051080efcee87d8ebd53ea934500a1e9d325d94b9325bb096b99bf
scale_varies,size varies,"[""posX"", ""posY""]",40,29,scale,size,0.0001449185365345329,0.04874777793884277,/home/lucas_bryant1/dnc2_s2/results/augmentation_survival_d871f4ed9809/conditions/scale_varies/seed_29/metrics/hyperrect_vicreg_dsprites_epoch_40_scale_varies.json,91a2645ca53c5830ca945bdb6c2830c2bcf96a9a0e23a049ae3d2525a1144a29
scale_varies,size varies,"[""posX"", ""posY""]",40,29,posX,x-position,0.9998757839202881,0.04874777793884277,/home/lucas_bryant1/dnc2_s2/results/augmentation_survival_d871f4ed9809/conditions/scale_varies/seed_29/metrics/hyperrect_vicreg_dsprites_epoch_40_scale_varies.json,91a2645ca53c5830ca945bdb6c2830c2bcf96a9a0e23a049ae3d2525a1144a29
scale_varies,size varies,"[""posX"", ""posY""]",40,29,posY,y-position,0.9999024868011475,0.04874777793884277,/home/lucas_bryant1/dnc2_s2/results/augmentation_survival_d871f4ed9809/conditions/scale_varies/seed_29/metrics/hyperrect_vicreg_dsprites_epoch_40_scale_varies.json,91a2645ca53c5830ca945bdb6c2830c2bcf96a9a0e23a049ae3d2525a1144a29
scale_varies,size varies,"[""posX"", ""posY""]",80,29,scale,size,0.0002669670502655208,0.005362073890864849,/home/lucas_bryant1/dnc2_s2/results/augmentation_survival_d871f4ed9809/conditions/scale_varies/seed_29/metrics/hyperrect_vicreg_dsprites_epoch_80_scale_varies.json,3732f88b8fb741805c3e1d2eb2641cc58ca56223ccf6186b0735c9997f019923
scale_varies,size varies,"[""posX"", ""posY""]",80,29,posX,x-position,0.9998587369918823,0.005362073890864849,/home/lucas_bryant1/dnc2_s2/results/augmentation_survival_d871f4ed9809/conditions/scale_varies/seed_29/metrics/hyperrect_vicreg_dsprites_epoch_80_scale_varies.json,3732f88b8fb741805c3e1d2eb2641cc58ca56223ccf6186b0735c9997f019923
scale_varies,size varies,"[""posX"", ""posY""]",80,29,posY,y-position,0.999893844127655,0.005362073890864849,/home/lucas_bryant1/dnc2_s2/results/augmentation_survival_d871f4ed9809/conditions/scale_varies/seed_29/metrics/hyperrect_vicreg_dsprites_epoch_80_scale_varies.json,3732f88b8fb741805c3e1d2eb2641cc58ca56223ccf6186b0735c9997f019923
scale_varies,size varies,"[""posX"", ""posY""]",0,6,scale,size,0.9329502582550049,0.0008906126022338867,/home/lucas_bryant1/dnc2_s2/results/augmentation_survival_d871f4ed9809/conditions/scale_varies/seed_6/metrics/hyperrect_vicreg_dsprites_epoch_0_scale_varies.json,00061177df7bffef49119396a80dfab1eebcb2533ecc60a1f6bd802345346c82
scale_varies,size varies,"[""posX"", ""posY""]",0,6,posX,x-position,0.9944654703140259,0.0008906126022338867,/home/lucas_bryant1/dnc2_s2/results/augmentation_survival_d871f4ed9809/conditions/scale_varies/seed_6/metrics/hyperrect_vicreg_dsprites_epoch_0_scale_varies.json,00061177df7bffef49119396a80dfab1eebcb2533ecc60a1f6bd802345346c82
scale_varies,size varies,"[""posX"", ""posY""]",0,6,posY,y-position,0.9949327111244202,0.0008906126022338867,/home/lucas_bryant1/dnc2_s2/results/augmentation_survival_d871f4ed9809/conditions/scale_varies/seed_6/metrics/hyperrect_vicreg_dsprites_epoch_0_scale_varies.json,00061177df7bffef49119396a80dfab1eebcb2533ecc60a1f6bd802345346c82
scale_varies,size varies,"[""posX"", ""posY""]",10,6,scale,size,0.0010643962305039167,0.0348084382712841,/home/lucas_bryant1/dnc2_s2/results/augmentation_survival_d871f4ed9809/conditions/scale_varies/seed_6/metrics/hyperrect_vicreg_dsprites_epoch_10_scale_varies.json,15c62125940fb4a3632934836dcf2e8e1b76fbf6ad0949547f787b3c79a9ea37
scale_varies,size varies,"[""posX"", ""posY""]",10,6,posX,x-position,0.9998518824577332,0.0348084382712841,/home/lucas_bryant1/dnc2_s2/results/augmentation_survival_d871f4ed9809/conditions/scale_varies/seed_6/metrics/hyperrect_vicreg_dsprites_epoch_10_scale_varies.json,15c62125940fb4a3632934836dcf2e8e1b76fbf6ad0949547f787b3c79a9ea37
scale_varies,size varies,"[""posX"", ""posY""]",10,6,posY,y-position,0.999823272228241,0.0348084382712841,/home/lucas_bryant1/dnc2_s2/results/augmentation_survival_d871f4ed9809/conditions/scale_varies/seed_6/metrics/hyperrect_vicreg_dsprites_epoch_10_scale_varies.json,15c62125940fb4a3632934836dcf2e8e1b76fbf6ad0949547f787b3c79a9ea37
scale_varies,size varies,"[""posX"", ""posY""]",40,6,scale,size,0.0002881072578020394,0.0356324128806591,/home/lucas_bryant1/dnc2_s2/results/augmentation_survival_d871f4ed9809/conditions/scale_varies/seed_6/metrics/hyperrect_vicreg_dsprites_epoch_40_scale_varies.json,4ae3a9a77bf24a9f2a3530a25ec8cd4648b609292642c8d2acefb5b5810a4383
scale_varies,size varies,"[""posX"", ""posY""]",40,6,posX,x-position,0.9998220801353455,0.0356324128806591,/home/lucas_bryant1/dnc2_s2/results/augmentation_survival_d871f4ed9809/conditions/scale_varies/seed_6/metrics/hyperrect_vicreg_dsprites_epoch_40_scale_varies.json,4ae3a9a77bf24a9f2a3530a25ec8cd4648b609292642c8d2acefb5b5810a4383
scale_varies,size varies,"[""posX"", ""posY""]",40,6,posY,y-position,0.9998594522476196,0.0356324128806591,/home/lucas_bryant1/dnc2_s2/results/augmentation_survival_d871f4ed9809/conditions/scale_varies/seed_6/metrics/hyperrect_vicreg_dsprites_epoch_40_scale_varies.json,4ae3a9a77bf24a9f2a3530a25ec8cd4648b609292642c8d2acefb5b5810a4383
scale_varies,size varies,"[""posX"", ""posY""]",80,6,scale,size,5.358450289350003e-05,0.023087620735168457,/home/lucas_bryant1/dnc2_s2/results/augmentation_survival_d871f4ed9809/conditions/scale_varies/seed_6/metrics/hyperrect_vicreg_dsprites_epoch_80_scale_varies.json,65235c12e5e0510ca5e45f76b2a31bb8be5c3ccd12dd9988f5d01cade035b572
scale_varies,size varies,"[""posX"", ""posY""]",80,6,posX,x-position,0.9998883008956909,0.023087620735168457,/home/lucas_bryant1/dnc2_s2/results/augmentation_survival_d871f4ed9809/conditions/scale_varies/seed_6/metrics/hyperrect_vicreg_dsprites_epoch_80_scale_varies.json,65235c12e5e0510ca5e45f76b2a31bb8be5c3ccd12dd9988f5d01cade035b572
scale_varies,size varies,"[""posX"", ""posY""]",80,6,posY,y-position,0.999912679195404,0.023087620735168457,/home/lucas_bryant1/dnc2_s2/results/augmentation_survival_d871f4ed9809/conditions/scale_varies/seed_6/metrics/hyperrect_vicreg_dsprites_epoch_80_scale_varies.json,65235c12e5e0510ca5e45f76b2a31bb8be5c3ccd12dd9988f5d01cade035b572
