method,epoch,tag,attr_i,attr_j,cosine,abs_cosine
vicreg,1000,twoview,5_o_Clock_Shadow,Arched_Eyebrows,-0.4014967679977417,0.4014967679977417
vicreg,1000,twoview,5_o_Clock_Shadow,Attractive,-0.18974539637565613,0.18974539637565613
vicreg,1000,twoview,5_o_Clock_Shadow,Bags_Under_Eyes,0.357059508562088,0.357059508562088
vicreg,1000,twoview,5_o_Clock_Shadow,Bald,-0.07611460238695145,0.07611460238695145
vicreg,1000,twoview,5_o_Clock_Shadow,Bangs,-0.2305660992860794,0.2305660992860794
vicreg,1000,twoview,5_o_Clock_Shadow,Big_Lips,-0.3304746747016907,0.3304746747016907
vicreg,1000,twoview,5_o_Clock_Shadow,Big_Nose,0.34015125036239624,0.34015125036239624
vicreg,1000,twoview,5_o_Clock_Shadow,Black_Hair,0.4234160780906677,0.4234160780906677
vicreg,1000,twoview,5_o_Clock_Shadow,Blond_Hair,-0.3251109719276428,0.3251109719276428
vicreg,1000,twoview,5_o_Clock_Shadow,Blurry,-0.12616397440433502,0.12616397440433502
vicreg,1000,twoview,5_o_Clock_Shadow,Brown_Hair,-0.08508114516735077,0.08508114516735077
vicreg,1000,twoview,5_o_Clock_Shadow,Bushy_Eyebrows,0.6294086575508118,0.6294086575508118
vicreg,1000,twoview,5_o_Clock_Shadow,Chubby,0.048164594918489456,0.048164594918489456
vicreg,1000,twoview,5_o_Clock_Shadow,Double_Chin,0.052504632622003555,0.052504632622003555
vicreg,1000,twoview,5_o_Clock_Shadow,Eyeglasses,0.04588150605559349,0.04588150605559349
vicreg,1000,twoview,5_o_Clock_Shadow,Goatee,0.3751501142978668,0.3751501142978668
vicreg,1000,twoview,5_o_Clock_Shadow,Gray_Hair,-0.11690373718738556,0.11690373718738556
vicreg,1000,twoview,5_o_Clock_Shadow,Heavy_Makeup,-0.5713931322097778,0.5713931322097778
vicreg,1000,twoview,5_o_Clock_Shadow,High_Cheekbones,-0.31325167417526245,0.31325167417526245
vicreg,1000,twoview,5_o_Clock_Shadow,Male,0.7294183969497681,0.7294183969497681
vicreg,1000,twoview,5_o_Clock_Shadow,Mouth_Slightly_Open,-0.24469110369682312,0.24469110369682312
vicreg,1000,twoview,5_o_Clock_Shadow,Mustache,0.35448500514030457,0.35448500514030457
vicreg,1000,twoview,5_o_Clock_Shadow,Narrow_Eyes,-0.14330673217773438,0.14330673217773438
vicreg,1000,twoview,5_o_Clock_Shadow,No_Beard,-0.693342387676239,0.693342387676239
vicreg,1000,twoview,5_o_Clock_Shadow,Oval_Face,-0.1520189344882965,0.1520189344882965
vicreg,1000,twoview,5_o_Clock_Shadow,Pale_Skin,-0.1306232362985611,0.1306232362985611
vicreg,1000,twoview,5_o_Clock_Shadow,Pointy_Nose,-0.20193801820278168,0.20193801820278168
vicreg,1000,twoview,5_o_Clock_Shadow,Receding_Hairline,-0.03606473281979561,0.03606473281979561
vicreg,1000,twoview,5_o_Clock_Shadow,Rosy_Cheeks,-0.27366456389427185,0.27366456389427185
vicreg,1000,twoview,5_o_Clock_Shadow,Sideburns,0.556382954120636,0.556382954120636
vicreg,1000,twoview,5_o_Clock_Shadow,Smiling,-0.1874758005142212,0.1874758005142212
vicreg,1000,twoview,5_o_Clock_Shadow,Straight_Hair,0.4715957045555115,0.4715957045555115
vicreg,1000,twoview,5_o_Clock_Shadow,Wavy_Hair,-0.49103063344955444,0.49103063344955444
vicreg,1000,twoview,5_o_Clock_Shadow,Wearing_Earrings,-0.3950240910053253,0.3950240910053253
vicreg,1000,twoview,5_o_Clock_Shadow,Wearing_Hat,0.02683134377002716,0.02683134377002716
vicreg,1000,twoview,5_o_Clock_Shadow,Wearing_Lipstick,-0.6248693466186523,0.6248693466186523
vicreg,1000,twoview,5_o_Clock_Shadow,Wearing_Necklace,-0.5275524258613586,0.5275524258613586
vicreg,1000,twoview,5_o_Clock_Shadow,Wearing_Necktie,0.501456081867218,0.501456081867218
vicreg,1000,twoview,5_o_Clock_Shadow,Young,-0.05585218966007233,0.05585218966007233
vicreg,1000,twoview,Arched_Eyebrows,Attractive,0.7331265807151794,0.7331265807151794
vicreg,1000,twoview,Arched_Eyebrows,Bags_Under_Eyes,-0.4264015555381775,0.4264015555381775
vicreg,1000,twoview,Arched_Eyebrows,Bald,-0.20534653961658478,0.20534653961658478
vicreg,1000,twoview,Arched_Eyebrows,Bangs,-0.12150754034519196,0.12150754034519196
vicreg,1000,twoview,Arched_Eyebrows,Big_Lips,0.5126971006393433,0.5126971006393433
vicreg,1000,twoview,Arched_Eyebrows,Big_Nose,-0.3868942856788635,0.3868942856788635
vicreg,1000,twoview,Arched_Eyebrows,Black_Hair,0.04571673274040222,0.04571673274040222
vicreg,1000,twoview,Arched_Eyebrows,Blond_Hair,0.2578546404838562,0.2578546404838562
vicreg,1000,twoview,Arched_Eyebrows,Blurry,-0.41408616304397583,0.41408616304397583
vicreg,1000,twoview,Arched_Eyebrows,Brown_Hair,0.19836381077766418,0.19836381077766418
vicreg,1000,twoview,Arched_Eyebrows,Bushy_Eyebrows,0.018679488450288773,0.018679488450288773
vicreg,1000,twoview,Arched_Eyebrows,Chubby,-0.31032299995422363,0.31032299995422363
vicreg,1000,twoview,Arched_Eyebrows,Double_Chin,-0.22791916131973267,0.22791916131973267
vicreg,1000,twoview,Arched_Eyebrows,Eyeglasses,-0.3420249819755554,0.3420249819755554
vicreg,1000,twoview,Arched_Eyebrows,Goatee,-0.41237759590148926,0.41237759590148926
vicreg,1000,twoview,Arched_Eyebrows,Gray_Hair,-0.2496405839920044,0.2496405839920044
vicreg,1000,twoview,Arched_Eyebrows,Heavy_Makeup,0.8460434079170227,0.8460434079170227
vicreg,1000,twoview,Arched_Eyebrows,High_Cheekbones,0.4742734432220459,0.4742734432220459
vicreg,1000,twoview,Arched_Eyebrows,Male,-0.7274744510650635,0.7274744510650635
vicreg,1000,twoview,Arched_Eyebrows,Mouth_Slightly_Open,0.25802552700042725,0.25802552700042725
vicreg,1000,twoview,Arched_Eyebrows,Mustache,-0.42062637209892273,0.42062637209892273
vicreg,1000,twoview,Arched_Eyebrows,Narrow_Eyes,-0.06981830298900604,0.06981830298900604
vicreg,1000,twoview,Arched_Eyebrows,No_Beard,0.5606597065925598,0.5606597065925598
vicreg,1000,twoview,Arched_Eyebrows,Oval_Face,0.5276235938072205,0.5276235938072205
vicreg,1000,twoview,Arched_Eyebrows,Pale_Skin,0.07097219675779343,0.07097219675779343
vicreg,1000,twoview,Arched_Eyebrows,Pointy_Nose,0.6269254684448242,0.6269254684448242
vicreg,1000,twoview,Arched_Eyebrows,Receding_Hairline,-0.10525187849998474,0.10525187849998474
vicreg,1000,twoview,Arched_Eyebrows,Rosy_Cheeks,0.5904646515846252,0.5904646515846252
vicreg,1000,twoview,Arched_Eyebrows,Sideburns,-0.43564656376838684,0.43564656376838684
vicreg,1000,twoview,Arched_Eyebrows,Smiling,0.3793749213218689,0.3793749213218689
vicreg,1000,twoview,Arched_Eyebrows,Straight_Hair,-0.14682260155677795,0.14682260155677795
vicreg,1000,twoview,Arched_Eyebrows,Wavy_Hair,0.6476283073425293,0.6476283073425293
vicreg,1000,twoview,Arched_Eyebrows,Wearing_Earrings,0.6817229390144348,0.6817229390144348
vicreg,1000,twoview,Arched_Eyebrows,Wearing_Hat,-0.28152185678482056,0.28152185678482056
vicreg,1000,twoview,Arched_Eyebrows,Wearing_Lipstick,0.8232361674308777,0.8232361674308777
vicreg,1000,twoview,Arched_Eyebrows,Wearing_Necklace,0.6043051481246948,0.6043051481246948
vicreg,1000,twoview,Arched_Eyebrows,Wearing_Necktie,-0.4015386998653412,0.4015386998653412
vicreg,1000,twoview,Arched_Eyebrows,Young,0.4302503168582916,0.4302503168582916
vicreg,1000,twoview,Attractive,Bags_Under_Eyes,-0.4519677758216858,0.4519677758216858
vicreg,1000,twoview,Attractive,Bald,-0.41782569885253906,0.41782569885253906
vicreg,1000,twoview,Attractive,Bangs,0.08911050111055374,0.08911050111055374
vicreg,1000,twoview,Attractive,Big_Lips,0.4020185172557831,0.4020185172557831
vicreg,1000,twoview,Attractive,Big_Nose,-0.5763557553291321,0.5763557553291321
vicreg,1000,twoview,Attractive,Black_Hair,0.13679726421833038,0.13679726421833038
vicreg,1000,twoview,Attractive,Blond_Hair,0.21191681921482086,0.21191681921482086
vicreg,1000,twoview,Attractive,Blurry,-0.5316546559333801,0.5316546559333801
vicreg,1000,twoview,Attractive,Brown_Hair,0.42486947774887085,0.42486947774887085
vicreg,1000,twoview,Attractive,Bushy_Eyebrows,0.14606739580631256,0.14606739580631256
vicreg,1000,twoview,Attractive,Chubby,-0.5985283851623535,0.5985283851623535
vicreg,1000,twoview,Attractive,Double_Chin,-0.49440595507621765,0.49440595507621765
vicreg,1000,twoview,Attractive,Eyeglasses,-0.40423911809921265,0.40423911809921265
vicreg,1000,twoview,Attractive,Goatee,-0.5651049017906189,0.5651049017906189
vicreg,1000,twoview,Attractive,Gray_Hair,-0.44257038831710815,0.44257038831710815
vicreg,1000,twoview,Attractive,Heavy_Makeup,0.817948579788208,0.817948579788208
vicreg,1000,twoview,Attractive,High_Cheekbones,0.35457155108451843,0.35457155108451843
vicreg,1000,twoview,Attractive,Male,-0.7061804533004761,0.7061804533004761
vicreg,1000,twoview,Attractive,Mouth_Slightly_Open,0.03780436888337135,0.03780436888337135
vicreg,1000,twoview,Attractive,Mustache,-0.5314139723777771,0.5314139723777771
vicreg,1000,twoview,Attractive,Narrow_Eyes,-0.23999720811843872,0.23999720811843872
vicreg,1000,twoview,Attractive,No_Beard,0.6000357866287231,0.6000357866287231
vicreg,1000,twoview,Attractive,Oval_Face,0.46969181299209595,0.46969181299209595
vicreg,1000,twoview,Attractive,Pale_Skin,0.23730576038360596,0.23730576038360596
vicreg,1000,twoview,Attractive,Pointy_Nose,0.6956662535667419,0.6956662535667419
vicreg,1000,twoview,Attractive,Receding_Hairline,-0.38104480504989624,0.38104480504989624
vicreg,1000,twoview,Attractive,Rosy_Cheeks,0.5042670369148254,0.5042670369148254
vicreg,1000,twoview,Attractive,Sideburns,-0.46870049834251404,0.46870049834251404
vicreg,1000,twoview,Attractive,Smiling,0.289969801902771,0.289969801902771
vicreg,1000,twoview,Attractive,Straight_Hair,0.12791430950164795,0.12791430950164795
vicreg,1000,twoview,Attractive,Wavy_Hair,0.6688083410263062,0.6688083410263062
vicreg,1000,twoview,Attractive,Wearing_Earrings,0.5044640898704529,0.5044640898704529
vicreg,1000,twoview,Attractive,Wearing_Hat,-0.32163646817207336,0.32163646817207336
vicreg,1000,twoview,Attractive,Wearing_Lipstick,0.8125283718109131,0.8125283718109131
vicreg,1000,twoview,Attractive,Wearing_Necklace,0.5379129648208618,0.5379129648208618
vicreg,1000,twoview,Attractive,Wearing_Necktie,-0.46138912439346313,0.46138912439346313
vicreg,1000,twoview,Attractive,Young,0.6890288591384888,0.6890288591384888
vicreg,1000,twoview,Bags_Under_Eyes,Bald,0.3846735656261444,0.3846735656261444
vicreg,1000,twoview,Bags_Under_Eyes,Bangs,-0.20431293547153473,0.20431293547153473
vicreg,1000,twoview,Bags_Under_Eyes,Big_Lips,-0.36176979541778564,0.36176979541778564
vicreg,1000,twoview,Bags_Under_Eyes,Big_Nose,0.6709491610527039,0.6709491610527039
vicreg,1000,twoview,Bags_Under_Eyes,Black_Hair,-0.020652102306485176,0.020652102306485176
vicreg,1000,twoview,Bags_Under_Eyes,Blond_Hair,-0.15575720369815826,0.15575720369815826
vicreg,1000,twoview,Bags_Under_Eyes,Blurry,0.0807487815618515,0.0807487815618515
vicreg,1000,twoview,Bags_Under_Eyes,Brown_Hair,-0.17758792638778687,0.17758792638778687
vicreg,1000,twoview,Bags_Under_Eyes,Bushy_Eyebrows,0.18106402456760406,0.18106402456760406
vicreg,1000,twoview,Bags_Under_Eyes,Chubby,0.5267174243927002,0.5267174243927002
vicreg,1000,twoview,Bags_Under_Eyes,Double_Chin,0.49635469913482666,0.49635469913482666
vicreg,1000,twoview,Bags_Under_Eyes,Eyeglasses,-0.06949702650308609,0.06949702650308609
vicreg,1000,twoview,Bags_Under_Eyes,Goatee,0.441658079624176,0.441658079624176
vicreg,1000,twoview,Bags_Under_Eyes,Gray_Hair,0.41054970026016235,0.41054970026016235
vicreg,1000,twoview,Bags_Under_Eyes,Heavy_Makeup,-0.5815703272819519,0.5815703272819519
vicreg,1000,twoview,Bags_Under_Eyes,High_Cheekbones,0.16778700053691864,0.16778700053691864
vicreg,1000,twoview,Bags_Under_Eyes,Male,0.5873531103134155,0.5873531103134155
vicreg,1000,twoview,Bags_Under_Eyes,Mouth_Slightly_Open,0.19842809438705444,0.19842809438705444
vicreg,1000,twoview,Bags_Under_Eyes,Mustache,0.44601160287857056,0.44601160287857056
vicreg,1000,twoview,Bags_Under_Eyes,Narrow_Eyes,0.3969961106777191,0.3969961106777191
vicreg,1000,twoview,Bags_Under_Eyes,No_Beard,-0.5044287443161011,0.5044287443161011
vicreg,1000,twoview,Bags_Under_Eyes,Oval_Face,-0.02900143899023533,0.02900143899023533
vicreg,1000,twoview,Bags_Under_Eyes,Pale_Skin,-0.16839377582073212,0.16839377582073212
vicreg,1000,twoview,Bags_Under_Eyes,Pointy_Nose,-0.553877592086792,0.553877592086792
vicreg,1000,twoview,Bags_Under_Eyes,Receding_Hairline,0.3992103636264801,0.3992103636264801
vicreg,1000,twoview,Bags_Under_Eyes,Rosy_Cheeks,-0.31416165828704834,0.31416165828704834
vicreg,1000,twoview,Bags_Under_Eyes,Sideburns,0.496327668428421,0.496327668428421
vicreg,1000,twoview,Bags_Under_Eyes,Smiling,0.2021382451057434,0.2021382451057434
vicreg,1000,twoview,Bags_Under_Eyes,Straight_Hair,0.15835769474506378,0.15835769474506378
vicreg,1000,twoview,Bags_Under_Eyes,Wavy_Hair,-0.5030872225761414,0.5030872225761414
vicreg,1000,twoview,Bags_Under_Eyes,Wearing_Earrings,-0.2543210983276367,0.2543210983276367
vicreg,1000,twoview,Bags_Under_Eyes,Wearing_Hat,-0.041450757533311844,0.041450757533311844
vicreg,1000,twoview,Bags_Under_Eyes,Wearing_Lipstick,-0.5886342525482178,0.5886342525482178
vicreg,1000,twoview,Bags_Under_Eyes,Wearing_Necklace,-0.42742788791656494,0.42742788791656494
vicreg,1000,twoview,Bags_Under_Eyes,Wearing_Necktie,0.6217367649078369,0.6217367649078369
vicreg,1000,twoview,Bags_Under_Eyes,Young,-0.53151935338974,0.53151935338974
vicreg,1000,twoview,Bald,Bangs,-0.13673177361488342,0.13673177361488342
vicreg,1000,twoview,Bald,Big_Lips,-0.05774250626564026,0.05774250626564026
vicreg,1000,twoview,Bald,Big_Nose,0.5552026629447937,0.5552026629447937
vicreg,1000,twoview,Bald,Black_Hair,-0.23455791175365448,0.23455791175365448
vicreg,1000,twoview,Bald,Blond_Hair,-0.03437430411577225,0.03437430411577225
vicreg,1000,twoview,Bald,Blurry,0.04709770530462265,0.04709770530462265
vicreg,1000,twoview,Bald,Brown_Hair,-0.33312544226646423,0.33312544226646423
vicreg,1000,twoview,Bald,Bushy_Eyebrows,-0.18071317672729492,0.18071317672729492
vicreg,1000,twoview,Bald,Chubby,0.6710072159767151,0.6710072159767151
vicreg,1000,twoview,Bald,Double_Chin,0.6533483862876892,0.6533483862876892
vicreg,1000,twoview,Bald,Eyeglasses,0.22543658316135406,0.22543658316135406
vicreg,1000,twoview,Bald,Goatee,0.3723139762878418,0.3723139762878418
vicreg,1000,twoview,Bald,Gray_Hair,0.6573070883750916,0.6573070883750916
vicreg,1000,twoview,Bald,Heavy_Makeup,-0.2660738229751587,0.2660738229751587
vicreg,1000,twoview,Bald,High_Cheekbones,0.07284177839756012,0.07284177839756012
vicreg,1000,twoview,Bald,Male,0.29396310448646545,0.29396310448646545
vicreg,1000,twoview,Bald,Mouth_Slightly_Open,0.09978877007961273,0.09978877007961273
vicreg,1000,twoview,Bald,Mustache,0.32402047514915466,0.32402047514915466
vicreg,1000,twoview,Bald,Narrow_Eyes,0.1313658356666565,0.1313658356666565
vicreg,1000,twoview,Bald,No_Beard,-0.27586841583251953,0.27586841583251953
vicreg,1000,twoview,Bald,Oval_Face,0.008470998145639896,0.008470998145639896
vicreg,1000,twoview,Bald,Pale_Skin,-0.1545802652835846,0.1545802652835846
vicreg,1000,twoview,Bald,Pointy_Nose,-0.25167715549468994,0.25167715549468994
vicreg,1000,twoview,Bald,Receding_Hairline,0.6575343012809753,0.6575343012809753
vicreg,1000,twoview,Bald,Rosy_Cheeks,-0.12666694819927216,0.12666694819927216
vicreg,1000,twoview,Bald,Sideburns,0.2157314419746399,0.2157314419746399
vicreg,1000,twoview,Bald,Smiling,0.08497677743434906,0.08497677743434906
vicreg,1000,twoview,Bald,Straight_Hair,-0.23093688488006592,0.23093688488006592
vicreg,1000,twoview,Bald,Wavy_Hair,-0.3065735399723053,0.3065735399723053
vicreg,1000,twoview,Bald,Wearing_Earrings,-0.17566163837909698,0.17566163837909698
vicreg,1000,twoview,Bald,Wearing_Hat,-0.059835173189640045,0.059835173189640045
vicreg,1000,twoview,Bald,Wearing_Lipstick,-0.2810331881046295,0.2810331881046295
vicreg,1000,twoview,Bald,Wearing_Necklace,-0.2108640968799591,0.2108640968799591
vicreg,1000,twoview,Bald,Wearing_Necktie,0.5540405511856079,0.5540405511856079
vicreg,1000,twoview,Bald,Young,-0.5997017621994019,0.5997017621994019
vicreg,1000,twoview,Bangs,Big_Lips,0.06132403761148453,0.06132403761148453
vicreg,1000,twoview,Bangs,Big_Nose,-0.1752365231513977,0.1752365231513977
vicreg,1000,twoview,Bangs,Black_Hair,-0.10384216904640198,0.10384216904640198
vicreg,1000,twoview,Bangs,Blond_Hair,0.10987003147602081,0.10987003147602081
vicreg,1000,twoview,Bangs,Blurry,0.029996169731020927,0.029996169731020927
vicreg,1000,twoview,Bangs,Brown_Hair,0.18822577595710754,0.18822577595710754
vicreg,1000,twoview,Bangs,Bushy_Eyebrows,-0.19862093031406403,0.19862093031406403
vicreg,1000,twoview,Bangs,Chubby,-0.19744102656841278,0.19744102656841278
vicreg,1000,twoview,Bangs,Double_Chin,-0.17757059633731842,0.17757059633731842
vicreg,1000,twoview,Bangs,Eyeglasses,-0.0850871205329895,0.0850871205329895
vicreg,1000,twoview,Bangs,Goatee,-0.23084568977355957,0.23084568977355957
vicreg,1000,twoview,Bangs,Gray_Hair,-0.11106348782777786,0.11106348782777786
vicreg,1000,twoview,Bangs,Heavy_Makeup,0.16208873689174652,0.16208873689174652
vicreg,1000,twoview,Bangs,High_Cheekbones,0.057197924703359604,0.057197924703359604
vicreg,1000,twoview,Bangs,Male,-0.21675699949264526,0.21675699949264526
vicreg,1000,twoview,Bangs,Mouth_Slightly_Open,0.031730860471725464,0.031730860471725464
vicreg,1000,twoview,Bangs,Mustache,-0.19330599904060364,0.19330599904060364
vicreg,1000,twoview,Bangs,Narrow_Eyes,0.022187570109963417,0.022187570109963417
vicreg,1000,twoview,Bangs,No_Beard,0.27512943744659424,0.27512943744659424
vicreg,1000,twoview,Bangs,Oval_Face,0.02368028834462166,0.02368028834462166
vicreg,1000,twoview,Bangs,Pale_Skin,0.18786978721618652,0.18786978721618652
vicreg,1000,twoview,Bangs,Pointy_Nose,-0.013059539720416069,0.013059539720416069
vicreg,1000,twoview,Bangs,Receding_Hairline,-0.29920127987861633,0.29920127987861633
vicreg,1000,twoview,Bangs,Rosy_Cheeks,0.12591296434402466,0.12591296434402466
vicreg,1000,twoview,Bangs,Sideburns,-0.22005297243595123,0.22005297243595123
vicreg,1000,twoview,Bangs,Smiling,0.0691174790263176,0.0691174790263176
vicreg,1000,twoview,Bangs,Straight_Hair,-0.01718103140592575,0.01718103140592575
vicreg,1000,twoview,Bangs,Wavy_Hair,0.1703932136297226,0.1703932136297226
vicreg,1000,twoview,Bangs,Wearing_Earrings,0.09951192885637283,0.09951192885637283
vicreg,1000,twoview,Bangs,Wearing_Hat,0.07061579078435898,0.07061579078435898
vicreg,1000,twoview,Bangs,Wearing_Lipstick,0.21062912046909332,0.21062912046909332
vicreg,1000,twoview,Bangs,Wearing_Necklace,0.37412789463996887,0.37412789463996887
vicreg,1000,twoview,Bangs,Wearing_Necktie,-0.294019877910614,0.294019877910614
vicreg,1000,twoview,Bangs,Young,0.06064834073185921,0.06064834073185921
vicreg,1000,twoview,Big_Lips,Big_Nose,-0.13260233402252197,0.13260233402252197
vicreg,1000,twoview,Big_Lips,Black_Hair,0.07768253982067108,0.07768253982067108
vicreg,1000,twoview,Big_Lips,Blond_Hair,0.0973203107714653,0.0973203107714653
vicreg,1000,twoview,Big_Lips,Blurry,-0.26821833848953247,0.26821833848953247
vicreg,1000,twoview,Big_Lips,Brown_Hair,0.1262286901473999,0.1262286901473999
vicreg,1000,twoview,Big_Lips,Bushy_Eyebrows,-0.048244886100292206,0.048244886100292206
vicreg,1000,twoview,Big_Lips,Chubby,-0.09855064004659653,0.09855064004659653
vicreg,1000,twoview,Big_Lips,Double_Chin,-0.15572452545166016,0.15572452545166016
vicreg,1000,twoview,Big_Lips,Eyeglasses,-0.1476369947195053,0.1476369947195053
vicreg,1000,twoview,Big_Lips,Goatee,-0.005991348531097174,0.005991348531097174
vicreg,1000,twoview,Big_Lips,Gray_Hair,-0.2678309381008148,0.2678309381008148
vicreg,1000,twoview,Big_Lips,Heavy_Makeup,0.5220797657966614,0.5220797657966614
vicreg,1000,twoview,Big_Lips,High_Cheekbones,0.16834020614624023,0.16834020614624023
vicreg,1000,twoview,Big_Lips,Male,-0.48839640617370605,0.48839640617370605
vicreg,1000,twoview,Big_Lips,Mouth_Slightly_Open,0.028757011517882347,0.028757011517882347
vicreg,1000,twoview,Big_Lips,Mustache,-0.04371119290590286,0.04371119290590286
vicreg,1000,twoview,Big_Lips,Narrow_Eyes,-0.09205171465873718,0.09205171465873718
vicreg,1000,twoview,Big_Lips,No_Beard,0.2200344055891037,0.2200344055891037
vicreg,1000,twoview,Big_Lips,Oval_Face,0.22110438346862793,0.22110438346862793
vicreg,1000,twoview,Big_Lips,Pale_Skin,0.15157201886177063,0.15157201886177063
vicreg,1000,twoview,Big_Lips,Pointy_Nose,0.3322809040546417,0.3322809040546417
vicreg,1000,twoview,Big_Lips,Receding_Hairline,-0.053490519523620605,0.053490519523620605
vicreg,1000,twoview,Big_Lips,Rosy_Cheeks,0.25458836555480957,0.25458836555480957
vicreg,1000,twoview,Big_Lips,Sideburns,-0.23990218341350555,0.23990218341350555
vicreg,1000,twoview,Big_Lips,Smiling,0.07640396058559418,0.07640396058559418
vicreg,1000,twoview,Big_Lips,Straight_Hair,-0.20063535869121552,0.20063535869121552
vicreg,1000,twoview,Big_Lips,Wavy_Hair,0.41568541526794434,0.41568541526794434
vicreg,1000,twoview,Big_Lips,Wearing_Earrings,0.2902291417121887,0.2902291417121887
vicreg,1000,twoview,Big_Lips,Wearing_Hat,-0.10436949133872986,0.10436949133872986
vicreg,1000,twoview,Big_Lips,Wearing_Lipstick,0.5375922918319702,0.5375922918319702
vicreg,1000,twoview,Big_Lips,Wearing_Necklace,0.39770638942718506,0.39770638942718506
vicreg,1000,twoview,Big_Lips,Wearing_Necktie,-0.3627884089946747,0.3627884089946747
vicreg,1000,twoview,Big_Lips,Young,0.3742205500602722,0.3742205500602722
vicreg,1000,twoview,Big_Nose,Black_Hair,0.08387096971273422,0.08387096971273422
vicreg,1000,twoview,Big_Nose,Blond_Hair,-0.26097172498703003,0.26097172498703003
vicreg,1000,twoview,Big_Nose,Blurry,-0.018669214099645615,0.018669214099645615
vicreg,1000,twoview,Big_Nose,Brown_Hair,-0.3687523901462555,0.3687523901462555
vicreg,1000,twoview,Big_Nose,Bushy_Eyebrows,0.17837463319301605,0.17837463319301605
vicreg,1000,twoview,Big_Nose,Chubby,0.8009887337684631,0.8009887337684631
vicreg,1000,twoview,Big_Nose,Double_Chin,0.7569939494132996,0.7569939494132996
vicreg,1000,twoview,Big_Nose,Eyeglasses,0.30489495396614075,0.30489495396614075
vicreg,1000,twoview,Big_Nose,Goatee,0.671205997467041,0.671205997467041
vicreg,1000,twoview,Big_Nose,Gray_Hair,0.48118355870246887,0.48118355870246887
vicreg,1000,twoview,Big_Nose,Heavy_Makeup,-0.5697236657142639,0.5697236657142639
vicreg,1000,twoview,Big_Nose,High_Cheekbones,0.139290452003479,0.139290452003479
vicreg,1000,twoview,Big_Nose,Male,0.6720373630523682,0.6720373630523682
vicreg,1000,twoview,Big_Nose,Mouth_Slightly_Open,0.24816150963306427,0.24816150963306427
vicreg,1000,twoview,Big_Nose,Mustache,0.6522175073623657,0.6522175073623657
vicreg,1000,twoview,Big_Nose,Narrow_Eyes,0.20149873197078705,0.20149873197078705
vicreg,1000,twoview,Big_Nose,No_Beard,-0.6724403500556946,0.6724403500556946
vicreg,1000,twoview,Big_Nose,Oval_Face,0.0802273154258728,0.0802273154258728
vicreg,1000,twoview,Big_Nose,Pale_Skin,-0.2892031967639923,0.2892031967639923
vicreg,1000,twoview,Big_Nose,Pointy_Nose,-0.5486000776290894,0.5486000776290894
vicreg,1000,twoview,Big_Nose,Receding_Hairline,0.5806218385696411,0.5806218385696411
vicreg,1000,twoview,Big_Nose,Rosy_Cheeks,-0.18911778926849365,0.18911778926849365
vicreg,1000,twoview,Big_Nose,Sideburns,0.5742146968841553,0.5742146968841553
vicreg,1000,twoview,Big_Nose,Smiling,0.24004830420017242,0.24004830420017242
vicreg,1000,twoview,Big_Nose,Straight_Hair,-0.03702809661626816,0.03702809661626816
vicreg,1000,twoview,Big_Nose,Wavy_Hair,-0.5573596954345703,0.5573596954345703
vicreg,1000,twoview,Big_Nose,Wearing_Earrings,-0.22639483213424683,0.22639483213424683
vicreg,1000,twoview,Big_Nose,Wearing_Hat,0.1217971071600914,0.1217971071600914
vicreg,1000,twoview,Big_Nose,Wearing_Lipstick,-0.6050097942352295,0.6050097942352295
vicreg,1000,twoview,Big_Nose,Wearing_Necklace,-0.39436519145965576,0.39436519145965576
vicreg,1000,twoview,Big_Nose,Wearing_Necktie,0.7153246402740479,0.7153246402740479
vicreg,1000,twoview,Big_Nose,Young,-0.6716806888580322,0.6716806888580322
vicreg,1000,twoview,Black_Hair,Blond_Hair,-0.6182239055633545,0.6182239055633545
vicreg,1000,twoview,Black_Hair,Blurry,-0.24801652133464813,0.24801652133464813
vicreg,1000,twoview,Black_Hair,Brown_Hair,0.1075747087597847,0.1075747087597847
vicreg,1000,twoview,Black_Hair,Bushy_Eyebrows,0.6525443196296692,0.6525443196296692
vicreg,1000,twoview,Black_Hair,Chubby,-0.07814595103263855,0.07814595103263855
vicreg,1000,twoview,Black_Hair,Double_Chin,-0.11405563354492188,0.11405563354492188
vicreg,1000,twoview,Black_Hair,Eyeglasses,-0.0851268619298935,0.0851268619298935
vicreg,1000,twoview,Black_Hair,Goatee,0.10918360948562622,0.10918360948562622
vicreg,1000,twoview,Black_Hair,Gray_Hair,-0.3788853883743286,0.3788853883743286
vicreg,1000,twoview,Black_Hair,Heavy_Makeup,-0.09546538442373276,0.09546538442373276
vicreg,1000,twoview,Black_Hair,High_Cheekbones,-0.09691369533538818,0.09691369533538818
vicreg,1000,twoview,Black_Hair,Male,0.2267342507839203,0.2267342507839203
vicreg,1000,twoview,Black_Hair,Mouth_Slightly_Open,-0.13128840923309326,0.13128840923309326
vicreg,1000,twoview,Black_Hair,Mustache,0.10055817663669586,0.10055817663669586
vicreg,1000,twoview,Black_Hair,Narrow_Eyes,-0.11941955983638763,0.11941955983638763
vicreg,1000,twoview,Black_Hair,No_Beard,-0.22930365800857544,0.22930365800857544
vicreg,1000,twoview,Black_Hair,Oval_Face,0.09768587350845337,0.09768587350845337
vicreg,1000,twoview,Black_Hair,Pale_Skin,-0.05989165976643562,0.05989165976643562
vicreg,1000,twoview,Black_Hair,Pointy_Nose,-0.023243790492415428,0.023243790492415428
vicreg,1000,twoview,Black_Hair,Receding_Hairline,-0.11203251034021378,0.11203251034021378
vicreg,1000,twoview,Black_Hair,Rosy_Cheeks,-0.10213446617126465,0.10213446617126465
vicreg,1000,twoview,Black_Hair,Sideburns,0.18391047418117523,0.18391047418117523
vicreg,1000,twoview,Black_Hair,Smiling,-0.04832390323281288,0.04832390323281288
vicreg,1000,twoview,Black_Hair,Straight_Hair,0.37240517139434814,0.37240517139434814
vicreg,1000,twoview,Black_Hair,Wavy_Hair,-0.13484522700309753,0.13484522700309753
vicreg,1000,twoview,Black_Hair,Wearing_Earrings,0.005355845205485821,0.005355845205485821
vicreg,1000,twoview,Black_Hair,Wearing_Hat,-0.19167768955230713,0.19167768955230713
vicreg,1000,twoview,Black_Hair,Wearing_Lipstick,-0.12525765597820282,0.12525765597820282
vicreg,1000,twoview,Black_Hair,Wearing_Necklace,-0.24587027728557587,0.24587027728557587
vicreg,1000,twoview,Black_Hair,Wearing_Necktie,0.1032688096165657,0.1032688096165657
vicreg,1000,twoview,Black_Hair,Young,0.31243857741355896,0.31243857741355896
vicreg,1000,twoview,Blond_Hair,Blurry,-0.012388949282467365,0.012388949282467365
vicreg,1000,twoview,Blond_Hair,Brown_Hair,-0.406882643699646,0.406882643699646
vicreg,1000,twoview,Blond_Hair,Bushy_Eyebrows,-0.3816193640232086,0.3816193640232086
vicreg,1000,twoview,Blond_Hair,Chubby,-0.1277994066476822,0.1277994066476822
vicreg,1000,twoview,Blond_Hair,Double_Chin,-0.08075407892465591,0.08075407892465591
vicreg,1000,twoview,Blond_Hair,Eyeglasses,-0.07504511624574661,0.07504511624574661
vicreg,1000,twoview,Blond_Hair,Goatee,-0.2432774305343628,0.2432774305343628
vicreg,1000,twoview,Blond_Hair,Gray_Hair,0.12451270967721939,0.12451270967721939
vicreg,1000,twoview,Blond_Hair,Heavy_Makeup,0.36098751425743103,0.36098751425743103
vicreg,1000,twoview,Blond_Hair,High_Cheekbones,0.24030819535255432,0.24030819535255432
vicreg,1000,twoview,Blond_Hair,Male,-0.38872194290161133,0.38872194290161133
vicreg,1000,twoview,Blond_Hair,Mouth_Slightly_Open,0.1908697932958603,0.1908697932958603
vicreg,1000,twoview,Blond_Hair,Mustache,-0.20996986329555511,0.20996986329555511
vicreg,1000,twoview,Blond_Hair,Narrow_Eyes,0.04305197298526764,0.04305197298526764
vicreg,1000,twoview,Blond_Hair,No_Beard,0.32930147647857666,0.32930147647857666
vicreg,1000,twoview,Blond_Hair,Oval_Face,0.11888828873634338,0.11888828873634338
vicreg,1000,twoview,Blond_Hair,Pale_Skin,0.1224961057305336,0.1224961057305336
vicreg,1000,twoview,Blond_Hair,Pointy_Nose,0.2919643819332123,0.2919643819332123
vicreg,1000,twoview,Blond_Hair,Receding_Hairline,-0.07614194601774216,0.07614194601774216
vicreg,1000,twoview,Blond_Hair,Rosy_Cheeks,0.3483322262763977,0.3483322262763977
vicreg,1000,twoview,Blond_Hair,Sideburns,-0.27954939007759094,0.27954939007759094
vicreg,1000,twoview,Blond_Hair,Smiling,0.17519611120224,0.17519611120224
vicreg,1000,twoview,Blond_Hair,Straight_Hair,-0.056758616119623184,0.056758616119623184
vicreg,1000,twoview,Blond_Hair,Wavy_Hair,0.26431503891944885,0.26431503891944885
vicreg,1000,twoview,Blond_Hair,Wearing_Earrings,0.20368096232414246,0.20368096232414246
vicreg,1000,twoview,Blond_Hair,Wearing_Hat,-0.10582736134529114,0.10582736134529114
vicreg,1000,twoview,Blond_Hair,Wearing_Lipstick,0.37036240100860596,0.37036240100860596
vicreg,1000,twoview,Blond_Hair,Wearing_Necklace,0.49118170142173767,0.49118170142173767
vicreg,1000,twoview,Blond_Hair,Wearing_Necktie,-0.20838001370429993,0.20838001370429993
vicreg,1000,twoview,Blond_Hair,Young,-0.023834044113755226,0.023834044113755226
vicreg,1000,twoview,Blurry,Brown_Hair,-0.11104896664619446,0.11104896664619446
vicreg,1000,twoview,Blurry,Bushy_Eyebrows,-0.27440574765205383,0.27440574765205383
vicreg,1000,twoview,Blurry,Chubby,0.07461006194353104,0.07461006194353104
vicreg,1000,twoview,Blurry,Double_Chin,-0.0023396769538521767,0.0023396769538521767
vicreg,1000,twoview,Blurry,Eyeglasses,0.14051750302314758,0.14051750302314758
vicreg,1000,twoview,Blurry,Goatee,0.049773041158914566,0.049773041158914566
vicreg,1000,twoview,Blurry,Gray_Hair,0.136211559176445,0.136211559176445
vicreg,1000,twoview,Blurry,Heavy_Makeup,-0.37837842106819153,0.37837842106819153
vicreg,1000,twoview,Blurry,High_Cheekbones,-0.2716333270072937,0.2716333270072937
vicreg,1000,twoview,Blurry,Male,0.16695420444011688,0.16695420444011688
vicreg,1000,twoview,Blurry,Mouth_Slightly_Open,-0.04276735335588455,0.04276735335588455
vicreg,1000,twoview,Blurry,Mustache,0.04995816573500633,0.04995816573500633
vicreg,1000,twoview,Blurry,Narrow_Eyes,0.2813914716243744,0.2813914716243744
vicreg,1000,twoview,Blurry,No_Beard,-0.0796547532081604,0.0796547532081604
vicreg,1000,twoview,Blurry,Oval_Face,-0.4461076855659485,0.4461076855659485
vicreg,1000,twoview,Blurry,Pale_Skin,-0.08752485364675522,0.08752485364675522
vicreg,1000,twoview,Blurry,Pointy_Nose,-0.35961318016052246,0.35961318016052246
vicreg,1000,twoview,Blurry,Receding_Hairline,-0.022479332983493805,0.022479332983493805
vicreg,1000,twoview,Blurry,Rosy_Cheeks,-0.3099246323108673,0.3099246323108673
vicreg,1000,twoview,Blurry,Sideburns,0.023941367864608765,0.023941367864608765
vicreg,1000,twoview,Blurry,Smiling,-0.2723454535007477,0.2723454535007477
vicreg,1000,twoview,Blurry,Straight_Hair,-0.16907541453838348,0.16907541453838348
vicreg,1000,twoview,Blurry,Wavy_Hair,-0.18097062408924103,0.18097062408924103
vicreg,1000,twoview,Blurry,Wearing_Earrings,-0.26749199628829956,0.26749199628829956
vicreg,1000,twoview,Blurry,Wearing_Hat,0.1599237322807312,0.1599237322807312
vicreg,1000,twoview,Blurry,Wearing_Lipstick,-0.33978745341300964,0.33978745341300964
vicreg,1000,twoview,Blurry,Wearing_Necklace,-0.17604213953018188,0.17604213953018188
vicreg,1000,twoview,Blurry,Wearing_Necktie,-0.07528341561555862,0.07528341561555862
vicreg,1000,twoview,Blurry,Young,-0.23197397589683533,0.23197397589683533
vicreg,1000,twoview,Brown_Hair,Bushy_Eyebrows,0.05279776081442833,0.05279776081442833
vicreg,1000,twoview,Brown_Hair,Chubby,-0.4047642946243286,0.4047642946243286
vicreg,1000,twoview,Brown_Hair,Double_Chin,-0.36810997128486633,0.36810997128486633
vicreg,1000,twoview,Brown_Hair,Eyeglasses,-0.21155019104480743,0.21155019104480743
vicreg,1000,twoview,Brown_Hair,Goatee,-0.3107009530067444,0.3107009530067444
vicreg,1000,twoview,Brown_Hair,Gray_Hair,-0.4041201174259186,0.4041201174259186
vicreg,1000,twoview,Brown_Hair,Heavy_Makeup,0.30269327759742737,0.30269327759742737
vicreg,1000,twoview,Brown_Hair,High_Cheekbones,0.050935253500938416,0.050935253500938416
vicreg,1000,twoview,Brown_Hair,Male,-0.3241671919822693,0.3241671919822693
vicreg,1000,twoview,Brown_Hair,Mouth_Slightly_Open,-0.08502820879220963,0.08502820879220963
vicreg,1000,twoview,Brown_Hair,Mustache,-0.3053758144378662,0.3053758144378662
vicreg,1000,twoview,Brown_Hair,Narrow_Eyes,-0.031857095658779144,0.031857095658779144
vicreg,1000,twoview,Brown_Hair,No_Beard,0.31459474563598633,0.31459474563598633
vicreg,1000,twoview,Brown_Hair,Oval_Face,0.09120798856019974,0.09120798856019974
vicreg,1000,twoview,Brown_Hair,Pale_Skin,0.09319469332695007,0.09319469332695007
vicreg,1000,twoview,Brown_Hair,Pointy_Nose,0.17099231481552124,0.17099231481552124
vicreg,1000,twoview,Brown_Hair,Receding_Hairline,-0.3535498082637787,0.3535498082637787
vicreg,1000,twoview,Brown_Hair,Rosy_Cheeks,0.05185790732502937,0.05185790732502937
vicreg,1000,twoview,Brown_Hair,Sideburns,-0.20060665905475616,0.20060665905475616
vicreg,1000,twoview,Brown_Hair,Smiling,0.024211062118411064,0.024211062118411064
vicreg,1000,twoview,Brown_Hair,Straight_Hair,0.03602907806634903,0.03602907806634903
vicreg,1000,twoview,Brown_Hair,Wavy_Hair,0.48411741852760315,0.48411741852760315
vicreg,1000,twoview,Brown_Hair,Wearing_Earrings,0.09639264643192291,0.09639264643192291
vicreg,1000,twoview,Brown_Hair,Wearing_Hat,-0.21896059811115265,0.21896059811115265
vicreg,1000,twoview,Brown_Hair,Wearing_Lipstick,0.33873242139816284,0.33873242139816284
vicreg,1000,twoview,Brown_Hair,Wearing_Necklace,0.156498521566391,0.156498521566391
vicreg,1000,twoview,Brown_Hair,Wearing_Necktie,-0.3452785015106201,0.3452785015106201
vicreg,1000,twoview,Brown_Hair,Young,0.4233608841896057,0.4233608841896057
vicreg,1000,twoview,Bushy_Eyebrows,Chubby,-0.059159040451049805,0.059159040451049805
vicreg,1000,twoview,Bushy_Eyebrows,Double_Chin,-0.0478564016520977,0.0478564016520977
vicreg,1000,twoview,Bushy_Eyebrows,Eyeglasses,-0.18101534247398376,0.18101534247398376
vicreg,1000,twoview,Bushy_Eyebrows,Goatee,0.10142789036035538,0.10142789036035538
vicreg,1000,twoview,Bushy_Eyebrows,Gray_Hair,-0.2609020173549652,0.2609020173549652
vicreg,1000,twoview,Bushy_Eyebrows,Heavy_Makeup,-0.18954631686210632,0.18954631686210632
vicreg,1000,twoview,Bushy_Eyebrows,High_Cheekbones,-0.07381219416856766,0.07381219416856766
vicreg,1000,twoview,Bushy_Eyebrows,Male,0.3754017651081085,0.3754017651081085
vicreg,1000,twoview,Bushy_Eyebrows,Mouth_Slightly_Open,-0.059872712939977646,0.059872712939977646
vicreg,1000,twoview,Bushy_Eyebrows,Mustache,0.1049770638346672,0.1049770638346672
vicreg,1000,twoview,Bushy_Eyebrows,Narrow_Eyes,-0.08234002441167831,0.08234002441167831
vicreg,1000,twoview,Bushy_Eyebrows,No_Beard,-0.3268524408340454,0.3268524408340454
vicreg,1000,twoview,Bushy_Eyebrows,Oval_Face,0.14268764853477478,0.14268764853477478
vicreg,1000,twoview,Bushy_Eyebrows,Pale_Skin,-0.09264417737722397,0.09264417737722397
vicreg,1000,twoview,Bushy_Eyebrows,Pointy_Nose,-0.05881204828619957,0.05881204828619957
vicreg,1000,twoview,Bushy_Eyebrows,Receding_Hairline,-0.15499010682106018,0.15499010682106018
vicreg,1000,twoview,Bushy_Eyebrows,Rosy_Cheeks,-0.05373071879148483,0.05373071879148483
vicreg,1000,twoview,Bushy_Eyebrows,Sideburns,0.23840661346912384,0.23840661346912384
vicreg,1000,twoview,Bushy_Eyebrows,Smiling,0.012063750997185707,0.012063750997185707
vicreg,1000,twoview,Bushy_Eyebrows,Straight_Hair,0.4338165819644928,0.4338165819644928
vicreg,1000,twoview,Bushy_Eyebrows,Wavy_Hair,-0.21284762024879456,0.21284762024879456
vicreg,1000,twoview,Bushy_Eyebrows,Wearing_Earrings,-0.05123187601566315,0.05123187601566315
vicreg,1000,twoview,Bushy_Eyebrows,Wearing_Hat,-0.0883031040430069,0.0883031040430069
vicreg,1000,twoview,Bushy_Eyebrows,Wearing_Lipstick,-0.24768482148647308,0.24768482148647308
vicreg,1000,twoview,Bushy_Eyebrows,Wearing_Necklace,-0.29294562339782715,0.29294562339782715
vicreg,1000,twoview,Bushy_Eyebrows,Wearing_Necktie,0.22356733679771423,0.22356733679771423
vicreg,1000,twoview,Bushy_Eyebrows,Young,0.24443458020687103,0.24443458020687103
vicreg,1000,twoview,Chubby,Double_Chin,0.8907718658447266,0.8907718658447266
vicreg,1000,twoview,Chubby,Eyeglasses,0.3244370222091675,0.3244370222091675
vicreg,1000,twoview,Chubby,Goatee,0.6282160878181458,0.6282160878181458
vicreg,1000,twoview,Chubby,Gray_Hair,0.5624743103981018,0.5624743103981018
vicreg,1000,twoview,Chubby,Heavy_Makeup,-0.4408039152622223,0.4408039152622223
vicreg,1000,twoview,Chubby,High_Cheekbones,0.13335657119750977,0.13335657119750977
vicreg,1000,twoview,Chubby,Male,0.4908813238143921,0.4908813238143921
vicreg,1000,twoview,Chubby,Mouth_Slightly_Open,0.2691285014152527,0.2691285014152527
vicreg,1000,twoview,Chubby,Mustache,0.6044039130210876,0.6044039130210876
vicreg,1000,twoview,Chubby,Narrow_Eyes,0.2918659448623657,0.2918659448623657
vicreg,1000,twoview,Chubby,No_Beard,-0.5380998849868774,0.5380998849868774
vicreg,1000,twoview,Chubby,Oval_Face,0.032198332250118256,0.032198332250118256
vicreg,1000,twoview,Chubby,Pale_Skin,-0.2586101293563843,0.2586101293563843
vicreg,1000,twoview,Chubby,Pointy_Nose,-0.48514145612716675,0.48514145612716675
vicreg,1000,twoview,Chubby,Receding_Hairline,0.6057115197181702,0.6057115197181702
vicreg,1000,twoview,Chubby,Rosy_Cheeks,-0.18436332046985626,0.18436332046985626
vicreg,1000,twoview,Chubby,Sideburns,0.4872201085090637,0.4872201085090637
vicreg,1000,twoview,Chubby,Smiling,0.19321954250335693,0.19321954250335693
vicreg,1000,twoview,Chubby,Straight_Hair,-0.16727550327777863,0.16727550327777863
vicreg,1000,twoview,Chubby,Wavy_Hair,-0.43404847383499146,0.43404847383499146
vicreg,1000,twoview,Chubby,Wearing_Earrings,-0.21802441775798798,0.21802441775798798
vicreg,1000,twoview,Chubby,Wearing_Hat,0.12795418500900269,0.12795418500900269
vicreg,1000,twoview,Chubby,Wearing_Lipstick,-0.46460309624671936,0.46460309624671936
vicreg,1000,twoview,Chubby,Wearing_Necklace,-0.3170817494392395,0.3170817494392395
vicreg,1000,twoview,Chubby,Wearing_Necktie,0.6340278387069702,0.6340278387069702
vicreg,1000,twoview,Chubby,Young,-0.7191342711448669,0.7191342711448669
vicreg,1000,twoview,Double_Chin,Eyeglasses,0.29369837045669556,0.29369837045669556
vicreg,1000,twoview,Double_Chin,Goatee,0.47702348232269287,0.47702348232269287
vicreg,1000,twoview,Double_Chin,Gray_Hair,0.6169416904449463,0.6169416904449463
vicreg,1000,twoview,Double_Chin,Heavy_Makeup,-0.3574923574924469,0.3574923574924469
vicreg,1000,twoview,Double_Chin,High_Cheekbones,0.2259225845336914,0.2259225845336914
vicreg,1000,twoview,Double_Chin,Male,0.43031302094459534,0.43031302094459534
vicreg,1000,twoview,Double_Chin,Mouth_Slightly_Open,0.3355081379413605,0.3355081379413605
vicreg,1000,twoview,Double_Chin,Mustache,0.46096622943878174,0.46096622943878174
vicreg,1000,twoview,Double_Chin,Narrow_Eyes,0.26055285334587097,0.26055285334587097
vicreg,1000,twoview,Double_Chin,No_Beard,-0.4171890616416931,0.4171890616416931
vicreg,1000,twoview,Double_Chin,Oval_Face,0.07585346698760986,0.07585346698760986
vicreg,1000,twoview,Double_Chin,Pale_Skin,-0.2726410925388336,0.2726410925388336
vicreg,1000,twoview,Double_Chin,Pointy_Nose,-0.35405099391937256,0.35405099391937256
vicreg,1000,twoview,Double_Chin,Receding_Hairline,0.6411498785018921,0.6411498785018921
vicreg,1000,twoview,Double_Chin,Rosy_Cheeks,-0.09306462854146957,0.09306462854146957
vicreg,1000,twoview,Double_Chin,Sideburns,0.3779070973396301,0.3779070973396301
vicreg,1000,twoview,Double_Chin,Smiling,0.3104945123195648,0.3104945123195648
vicreg,1000,twoview,Double_Chin,Straight_Hair,-0.1414100080728531,0.1414100080728531
vicreg,1000,twoview,Double_Chin,Wavy_Hair,-0.36629265546798706,0.36629265546798706
vicreg,1000,twoview,Double_Chin,Wearing_Earrings,-0.14468367397785187,0.14468367397785187
vicreg,1000,twoview,Double_Chin,Wearing_Hat,0.046609289944171906,0.046609289944171906
vicreg,1000,twoview,Double_Chin,Wearing_Lipstick,-0.38077422976493835,0.38077422976493835
vicreg,1000,twoview,Double_Chin,Wearing_Necklace,-0.24633163213729858,0.24633163213729858
vicreg,1000,twoview,Double_Chin,Wearing_Necktie,0.6737221479415894,0.6737221479415894
vicreg,1000,twoview,Double_Chin,Young,-0.729422926902771,0.729422926902771
vicreg,1000,twoview,Eyeglasses,Goatee,0.25366154313087463,0.25366154313087463
vicreg,1000,twoview,Eyeglasses,Gray_Hair,0.22589659690856934,0.22589659690856934
vicreg,1000,twoview,Eyeglasses,Heavy_Makeup,-0.3170185685157776,0.3170185685157776
vicreg,1000,twoview,Eyeglasses,High_Cheekbones,-0.1507023125886917,0.1507023125886917
vicreg,1000,twoview,Eyeglasses,Male,0.26780828833580017,0.26780828833580017
vicreg,1000,twoview,Eyeglasses,Mouth_Slightly_Open,-0.0009336963994428515,0.0009336963994428515
vicreg,1000,twoview,Eyeglasses,Mustache,0.2518846094608307,0.2518846094608307
vicreg,1000,twoview,Eyeglasses,Narrow_Eyes,-0.14047430455684662,0.14047430455684662
vicreg,1000,twoview,Eyeglasses,No_Beard,-0.2432515174150467,0.2432515174150467
vicreg,1000,twoview,Eyeglasses,Oval_Face,-0.1665821522474289,0.1665821522474289
vicreg,1000,twoview,Eyeglasses,Pale_Skin,-0.15501408278942108,0.15501408278942108
vicreg,1000,twoview,Eyeglasses,Pointy_Nose,-0.27835676074028015,0.27835676074028015
vicreg,1000,twoview,Eyeglasses,Receding_Hairline,0.19439244270324707,0.19439244270324707
vicreg,1000,twoview,Eyeglasses,Rosy_Cheeks,-0.1687404215335846,0.1687404215335846
vicreg,1000,twoview,Eyeglasses,Sideburns,0.11709523946046829,0.11709523946046829
vicreg,1000,twoview,Eyeglasses,Smiling,-0.051709841936826706,0.051709841936826706
vicreg,1000,twoview,Eyeglasses,Straight_Hair,-0.12197315692901611,0.12197315692901611
vicreg,1000,twoview,Eyeglasses,Wavy_Hair,-0.2526507079601288,0.2526507079601288
vicreg,1000,twoview,Eyeglasses,Wearing_Earrings,-0.1980476975440979,0.1980476975440979
vicreg,1000,twoview,Eyeglasses,Wearing_Hat,0.13009922206401825,0.13009922206401825
vicreg,1000,twoview,Eyeglasses,Wearing_Lipstick,-0.314429372549057,0.314429372549057
vicreg,1000,twoview,Eyeglasses,Wearing_Necklace,-0.14695733785629272,0.14695733785629272
vicreg,1000,twoview,Eyeglasses,Wearing_Necktie,0.2048243284225464,0.2048243284225464
vicreg,1000,twoview,Eyeglasses,Young,-0.3308992087841034,0.3308992087841034
vicreg,1000,twoview,Goatee,Gray_Hair,0.17534495890140533,0.17534495890140533
vicreg,1000,twoview,Goatee,Heavy_Makeup,-0.5685831308364868,0.5685831308364868
vicreg,1000,twoview,Goatee,High_Cheekbones,-0.15918183326721191,0.15918183326721191
vicreg,1000,twoview,Goatee,Male,0.6423367261886597,0.6423367261886597
vicreg,1000,twoview,Goatee,Mouth_Slightly_Open,-0.018748901784420013,0.018748901784420013
vicreg,1000,twoview,Goatee,Mustache,0.882634162902832,0.882634162902832
vicreg,1000,twoview,Goatee,Narrow_Eyes,0.08567025512456894,0.08567025512456894
vicreg,1000,twoview,Goatee,No_Beard,-0.8705426454544067,0.8705426454544067
vicreg,1000,twoview,Goatee,Oval_Face,-0.11987726390361786,0.11987726390361786
vicreg,1000,twoview,Goatee,Pale_Skin,-0.20660915970802307,0.20660915970802307
vicreg,1000,twoview,Goatee,Pointy_Nose,-0.45773524045944214,0.45773524045944214
vicreg,1000,twoview,Goatee,Receding_Hairline,0.34784358739852905,0.34784358739852905
vicreg,1000,twoview,Goatee,Rosy_Cheeks,-0.3113824129104614,0.3113824129104614
vicreg,1000,twoview,Goatee,Sideburns,0.8252978324890137,0.8252978324890137
vicreg,1000,twoview,Goatee,Smiling,-0.10528334230184555,0.10528334230184555
vicreg,1000,twoview,Goatee,Straight_Hair,-0.046525802463293076,0.046525802463293076
vicreg,1000,twoview,Goatee,Wavy_Hair,-0.5012588500976562,0.5012588500976562
vicreg,1000,twoview,Goatee,Wearing_Earrings,-0.3694339692592621,0.3694339692592621
vicreg,1000,twoview,Goatee,Wearing_Hat,0.2034529596567154,0.2034529596567154
vicreg,1000,twoview,Goatee,Wearing_Lipstick,-0.5993156433105469,0.5993156433105469
vicreg,1000,twoview,Goatee,Wearing_Necklace,-0.460563600063324,0.460563600063324
vicreg,1000,twoview,Goatee,Wearing_Necktie,0.5122058987617493,0.5122058987617493
vicreg,1000,twoview,Goatee,Young,-0.4823015034198761,0.4823015034198761
vicreg,1000,twoview,Gray_Hair,Heavy_Makeup,-0.2699635922908783,0.2699635922908783
vicreg,1000,twoview,Gray_Hair,High_Cheekbones,0.05195818841457367,0.05195818841457367
vicreg,1000,twoview,Gray_Hair,Male,0.2733718454837799,0.2733718454837799
vicreg,1000,twoview,Gray_Hair,Mouth_Slightly_Open,0.09310232847929001,0.09310232847929001
vicreg,1000,twoview,Gray_Hair,Mustache,0.21268944442272186,0.21268944442272186
vicreg,1000,twoview,Gray_Hair,Narrow_Eyes,0.13724368810653687,0.13724368810653687
vicreg,1000,twoview,Gray_Hair,No_Beard,-0.14367443323135376,0.14367443323135376
vicreg,1000,twoview,Gray_Hair,Oval_Face,-0.08245169371366501,0.08245169371366501
vicreg,1000,twoview,Gray_Hair,Pale_Skin,-0.07741690427064896,0.07741690427064896
vicreg,1000,twoview,Gray_Hair,Pointy_Nose,-0.2310762107372284,0.2310762107372284
vicreg,1000,twoview,Gray_Hair,Receding_Hairline,0.5530894994735718,0.5530894994735718
vicreg,1000,twoview,Gray_Hair,Rosy_Cheeks,-0.09972373396158218,0.09972373396158218
vicreg,1000,twoview,Gray_Hair,Sideburns,0.12010638415813446,0.12010638415813446
vicreg,1000,twoview,Gray_Hair,Smiling,0.06346675753593445,0.06346675753593445
vicreg,1000,twoview,Gray_Hair,Straight_Hair,-0.14974944293498993,0.14974944293498993
vicreg,1000,twoview,Gray_Hair,Wavy_Hair,-0.27986302971839905,0.27986302971839905
vicreg,1000,twoview,Gray_Hair,Wearing_Earrings,-0.17727486789226532,0.17727486789226532
vicreg,1000,twoview,Gray_Hair,Wearing_Hat,-0.047873470932245255,0.047873470932245255
vicreg,1000,twoview,Gray_Hair,Wearing_Lipstick,-0.27707111835479736,0.27707111835479736
vicreg,1000,twoview,Gray_Hair,Wearing_Necklace,-0.15025481581687927,0.15025481581687927
vicreg,1000,twoview,Gray_Hair,Wearing_Necktie,0.5375891923904419,0.5375891923904419
vicreg,1000,twoview,Gray_Hair,Young,-0.7409998774528503,0.7409998774528503
vicreg,1000,twoview,Heavy_Makeup,High_Cheekbones,0.49701452255249023,0.49701452255249023
vicreg,1000,twoview,Heavy_Makeup,Male,-0.8964628577232361,0.8964628577232361
vicreg,1000,twoview,Heavy_Makeup,Mouth_Slightly_Open,0.23827628791332245,0.23827628791332245
vicreg,1000,twoview,Heavy_Makeup,Mustache,-0.5484010577201843,0.5484010577201843
vicreg,1000,twoview,Heavy_Makeup,Narrow_Eyes,-0.10594888776540756,0.10594888776540756
vicreg,1000,twoview,Heavy_Makeup,No_Beard,0.7418906092643738,0.7418906092643738
vicreg,1000,twoview,Heavy_Makeup,Oval_Face,0.5053784847259521,0.5053784847259521
vicreg,1000,twoview,Heavy_Makeup,Pale_Skin,0.13685758411884308,0.13685758411884308
vicreg,1000,twoview,Heavy_Makeup,Pointy_Nose,0.7155290246009827,0.7155290246009827
vicreg,1000,twoview,Heavy_Makeup,Receding_Hairline,-0.24165931344032288,0.24165931344032288
vicreg,1000,twoview,Heavy_Makeup,Rosy_Cheeks,0.6644240617752075,0.6644240617752075
vicreg,1000,twoview,Heavy_Makeup,Sideburns,-0.5895746946334839,0.5895746946334839
vicreg,1000,twoview,Heavy_Makeup,Smiling,0.3771449327468872,0.3771449327468872
vicreg,1000,twoview,Heavy_Makeup,Straight_Hair,-0.17470087110996246,0.17470087110996246
vicreg,1000,twoview,Heavy_Makeup,Wavy_Hair,0.777900218963623,0.777900218963623
vicreg,1000,twoview,Heavy_Makeup,Wearing_Earrings,0.6763304471969604,0.6763304471969604
vicreg,1000,twoview,Heavy_Makeup,Wearing_Hat,-0.2606618106365204,0.2606618106365204
vicreg,1000,twoview,Heavy_Makeup,Wearing_Lipstick,0.9785717129707336,0.9785717129707336
vicreg,1000,twoview,Heavy_Makeup,Wearing_Necklace,0.7421231269836426,0.7421231269836426
vicreg,1000,twoview,Heavy_Makeup,Wearing_Necktie,-0.5718481540679932,0.5718481540679932
vicreg,1000,twoview,Heavy_Makeup,Young,0.4908435046672821,0.4908435046672821
vicreg,1000,twoview,High_Cheekbones,Male,-0.3790348470211029,0.3790348470211029
vicreg,1000,twoview,High_Cheekbones,Mouth_Slightly_Open,0.8374640941619873,0.8374640941619873
vicreg,1000,twoview,High_Cheekbones,Mustache,-0.16524438560009003,0.16524438560009003
vicreg,1000,twoview,High_Cheekbones,Narrow_Eyes,0.3403637409210205,0.3403637409210205
vicreg,1000,twoview,High_Cheekbones,No_Beard,0.2996150255203247,0.2996150255203247
vicreg,1000,twoview,High_Cheekbones,Oval_Face,0.695926308631897,0.695926308631897
vicreg,1000,twoview,High_Cheekbones,Pale_Skin,-0.285275399684906,0.285275399684906
vicreg,1000,twoview,High_Cheekbones,Pointy_Nose,0.18813934922218323,0.18813934922218323
vicreg,1000,twoview,High_Cheekbones,Receding_Hairline,0.16977718472480774,0.16977718472480774
vicreg,1000,twoview,High_Cheekbones,Rosy_Cheeks,0.6256536841392517,0.6256536841392517
vicreg,1000,twoview,High_Cheekbones,Sideburns,-0.1897537261247635,0.1897537261247635
vicreg,1000,twoview,High_Cheekbones,Smiling,0.9560344219207764,0.9560344219207764
vicreg,1000,twoview,High_Cheekbones,Straight_Hair,-0.13508863747119904,0.13508863747119904
vicreg,1000,twoview,High_Cheekbones,Wavy_Hair,0.2877028286457062,0.2877028286457062
vicreg,1000,twoview,High_Cheekbones,Wearing_Earrings,0.6896544694900513,0.6896544694900513
vicreg,1000,twoview,High_Cheekbones,Wearing_Hat,-0.19824951887130737,0.19824951887130737
vicreg,1000,twoview,High_Cheekbones,Wearing_Lipstick,0.457550972700119,0.457550972700119
vicreg,1000,twoview,High_Cheekbones,Wearing_Necklace,0.4914851188659668,0.4914851188659668
vicreg,1000,twoview,High_Cheekbones,Wearing_Necktie,-0.03464919328689575,0.03464919328689575
vicreg,1000,twoview,High_Cheekbones,Young,-0.04964246600866318,0.04964246600866318
vicreg,1000,twoview,Male,Mouth_Slightly_Open,-0.1633056253194809,0.1633056253194809
vicreg,1000,twoview,Male,Mustache,0.6267155408859253,0.6267155408859253
vicreg,1000,twoview,Male,Narrow_Eyes,0.03847839683294296,0.03847839683294296
vicreg,1000,twoview,Male,No_Beard,-0.8560620546340942,0.8560620546340942
vicreg,1000,twoview,Male,Oval_Face,-0.3283461332321167,0.3283461332321167
vicreg,1000,twoview,Male,Pale_Skin,-0.23556825518608093,0.23556825518608093
vicreg,1000,twoview,Male,Pointy_Nose,-0.5793865323066711,0.5793865323066711
vicreg,1000,twoview,Male,Receding_Hairline,0.27268943190574646,0.27268943190574646
vicreg,1000,twoview,Male,Rosy_Cheeks,-0.4578935205936432,0.4578935205936432
vicreg,1000,twoview,Male,Sideburns,0.6910291314125061,0.6910291314125061
vicreg,1000,twoview,Male,Smiling,-0.24748626351356506,0.24748626351356506
vicreg,1000,twoview,Male,Straight_Hair,0.24027933180332184,0.24027933180332184
vicreg,1000,twoview,Male,Wavy_Hair,-0.7619203925132751,0.7619203925132751
vicreg,1000,twoview,Male,Wearing_Earrings,-0.5989309549331665,0.5989309549331665
vicreg,1000,twoview,Male,Wearing_Hat,0.19433410465717316,0.19433410465717316
vicreg,1000,twoview,Male,Wearing_Lipstick,-0.9447034001350403,0.9447034001350403
vicreg,1000,twoview,Male,Wearing_Necklace,-0.746852457523346,0.746852457523346
vicreg,1000,twoview,Male,Wearing_Necktie,0.717822253704071,0.717822253704071
vicreg,1000,twoview,Male,Young,-0.519983172416687,0.519983172416687
vicreg,1000,twoview,Mouth_Slightly_Open,Mustache,-0.054873138666152954,0.054873138666152954
vicreg,1000,twoview,Mouth_Slightly_Open,Narrow_Eyes,0.5095601081848145,0.5095601081848145
vicreg,1000,twoview,Mouth_Slightly_Open,No_Beard,0.1180737316608429,0.1180737316608429
vicreg,1000,twoview,Mouth_Slightly_Open,Oval_Face,0.539821207523346,0.539821207523346
vicreg,1000,twoview,Mouth_Slightly_Open,Pale_Skin,-0.40906161069869995,0.40906161069869995
vicreg,1000,twoview,Mouth_Slightly_Open,Pointy_Nose,-0.08262936770915985,0.08262936770915985
vicreg,1000,twoview,Mouth_Slightly_Open,Receding_Hairline,0.16212822496891022,0.16212822496891022
vicreg,1000,twoview,Mouth_Slightly_Open,Rosy_Cheeks,0.5045784711837769,0.5045784711837769
vicreg,1000,twoview,Mouth_Slightly_Open,Sideburns,-0.06847482174634933,0.06847482174634933
vicreg,1000,twoview,Mouth_Slightly_Open,Smiling,0.8652039766311646,0.8652039766311646
vicreg,1000,twoview,Mouth_Slightly_Open,Straight_Hair,-0.14793656766414642,0.14793656766414642
vicreg,1000,twoview,Mouth_Slightly_Open,Wavy_Hair,0.08815917372703552,0.08815917372703552
vicreg,1000,twoview,Mouth_Slightly_Open,Wearing_Earrings,0.5341187715530396,0.5341187715530396
vicreg,1000,twoview,Mouth_Slightly_Open,Wearing_Hat,-0.021923357620835304,0.021923357620835304
vicreg,1000,twoview,Mouth_Slightly_Open,Wearing_Lipstick,0.19705015420913696,0.19705015420913696
vicreg,1000,twoview,Mouth_Slightly_Open,Wearing_Necklace,0.336895227432251,0.336895227432251
vicreg,1000,twoview,Mouth_Slightly_Open,Wearing_Necktie,0.021218035370111465,0.021218035370111465
vicreg,1000,twoview,Mouth_Slightly_Open,Young,-0.1908443421125412,0.1908443421125412
vicreg,1000,twoview,Mustache,Narrow_Eyes,0.06723273545503616,0.06723273545503616
vicreg,1000,twoview,Mustache,No_Beard,-0.8283891081809998,0.8283891081809998
vicreg,1000,twoview,Mustache,Oval_Face,-0.1493472009897232,0.1493472009897232
vicreg,1000,twoview,Mustache,Pale_Skin,-0.18605630099773407,0.18605630099773407
vicreg,1000,twoview,Mustache,Pointy_Nose,-0.43300554156303406,0.43300554156303406
vicreg,1000,twoview,Mustache,Receding_Hairline,0.2902848422527313,0.2902848422527313
vicreg,1000,twoview,Mustache,Rosy_Cheeks,-0.2851238250732422,0.2851238250732422
vicreg,1000,twoview,Mustache,Sideburns,0.7851883769035339,0.7851883769035339
vicreg,1000,twoview,Mustache,Smiling,-0.1144624873995781,0.1144624873995781
vicreg,1000,twoview,Mustache,Straight_Hair,0.004603606183081865,0.004603606183081865
vicreg,1000,twoview,Mustache,Wavy_Hair,-0.4782868027687073,0.4782868027687073
vicreg,1000,twoview,Mustache,Wearing_Earrings,-0.38106879591941833,0.38106879591941833
vicreg,1000,twoview,Mustache,Wearing_Hat,0.20736607909202576,0.20736607909202576
vicreg,1000,twoview,Mustache,Wearing_Lipstick,-0.577501654624939,0.577501654624939
vicreg,1000,twoview,Mustache,Wearing_Necklace,-0.4412349760532379,0.4412349760532379
vicreg,1000,twoview,Mustache,Wearing_Necktie,0.5121061205863953,0.5121061205863953
vicreg,1000,twoview,Mustache,Young,-0.4922060966491699,0.4922060966491699
vicreg,1000,twoview,Narrow_Eyes,No_Beard,-0.040117181837558746,0.040117181837558746
vicreg,1000,twoview,Narrow_Eyes,Oval_Face,-0.004404840059578419,0.004404840059578419
vicreg,1000,twoview,Narrow_Eyes,Pale_Skin,-0.19047053158283234,0.19047053158283234
vicreg,1000,twoview,Narrow_Eyes,Pointy_Nose,-0.3158779740333557,0.3158779740333557
vicreg,1000,twoview,Narrow_Eyes,Receding_Hairline,0.09809769690036774,0.09809769690036774
vicreg,1000,twoview,Narrow_Eyes,Rosy_Cheeks,-0.02673928439617157,0.02673928439617157
vicreg,1000,twoview,Narrow_Eyes,Sideburns,0.11058220267295837,0.11058220267295837
vicreg,1000,twoview,Narrow_Eyes,Smiling,0.3348256051540375,0.3348256051540375
vicreg,1000,twoview,Narrow_Eyes,Straight_Hair,-0.06132734939455986,0.06132734939455986
vicreg,1000,twoview,Narrow_Eyes,Wavy_Hair,-0.03148109093308449,0.03148109093308449
vicreg,1000,twoview,Narrow_Eyes,Wearing_Earrings,0.09933764487504959,0.09933764487504959
vicreg,1000,twoview,Narrow_Eyes,Wearing_Hat,-0.052682019770145416,0.052682019770145416
vicreg,1000,twoview,Narrow_Eyes,Wearing_Lipstick,-0.08969075977802277,0.08969075977802277
vicreg,1000,twoview,Narrow_Eyes,Wearing_Necklace,0.013046854175627232,0.013046854175627232
vicreg,1000,twoview,Narrow_Eyes,Wearing_Necktie,0.07088585197925568,0.07088585197925568
vicreg,1000,twoview,Narrow_Eyes,Young,-0.25732123851776123,0.25732123851776123
vicreg,1000,twoview,No_Beard,Oval_Face,0.2131330519914627,0.2131330519914627
vicreg,1000,twoview,No_Beard,Pale_Skin,0.2366941273212433,0.2366941273212433
vicreg,1000,twoview,No_Beard,Pointy_Nose,0.4925200641155243,0.4925200641155243
vicreg,1000,twoview,No_Beard,Receding_Hairline,-0.2481604367494583,0.2481604367494583
vicreg,1000,twoview,No_Beard,Rosy_Cheeks,0.3835860788822174,0.3835860788822174
vicreg,1000,twoview,No_Beard,Sideburns,-0.8698264956474304,0.8698264956474304
vicreg,1000,twoview,No_Beard,Smiling,0.1994992345571518,0.1994992345571518
vicreg,1000,twoview,No_Beard,Straight_Hair,-0.15631070733070374,0.15631070733070374
vicreg,1000,twoview,No_Beard,Wavy_Hair,0.6341699957847595,0.6341699957847595
vicreg,1000,twoview,No_Beard,Wearing_Earrings,0.5069484114646912,0.5069484114646912
vicreg,1000,twoview,No_Beard,Wearing_Hat,-0.2095223069190979,0.2095223069190979
vicreg,1000,twoview,No_Beard,Wearing_Lipstick,0.7902327179908752,0.7902327179908752
vicreg,1000,twoview,No_Beard,Wearing_Necklace,0.6229307055473328,0.6229307055473328
vicreg,1000,twoview,No_Beard,Wearing_Necktie,-0.6264972686767578,0.6264972686767578
vicreg,1000,twoview,No_Beard,Young,0.45658499002456665,0.45658499002456665
vicreg,1000,twoview,Oval_Face,Pale_Skin,-0.1752348095178604,0.1752348095178604
vicreg,1000,twoview,Oval_Face,Pointy_Nose,0.1756449043750763,0.1756449043750763
vicreg,1000,twoview,Oval_Face,Receding_Hairline,0.1238570362329483,0.1238570362329483
vicreg,1000,twoview,Oval_Face,Rosy_Cheeks,0.6161762475967407,0.6161762475967407
vicreg,1000,twoview,Oval_Face,Sideburns,-0.1504949927330017,0.1504949927330017
vicreg,1000,twoview,Oval_Face,Smiling,0.6869693994522095,0.6869693994522095
vicreg,1000,twoview,Oval_Face,Straight_Hair,-0.020548507571220398,0.020548507571220398
vicreg,1000,twoview,Oval_Face,Wavy_Hair,0.24970446527004242,0.24970446527004242
vicreg,1000,twoview,Oval_Face,Wearing_Earrings,0.5703178644180298,0.5703178644180298
vicreg,1000,twoview,Oval_Face,Wearing_Hat,-0.1661026030778885,0.1661026030778885
vicreg,1000,twoview,Oval_Face,Wearing_Lipstick,0.44452548027038574,0.44452548027038574
vicreg,1000,twoview,Oval_Face,Wearing_Necklace,0.4139915108680725,0.4139915108680725
vicreg,1000,twoview,Oval_Face,Wearing_Necktie,-0.046873681247234344,0.046873681247234344
vicreg,1000,twoview,Oval_Face,Young,0.16281099617481232,0.16281099617481232
vicreg,1000,twoview,Pale_Skin,Pointy_Nose,0.11747649312019348,0.11747649312019348
vicreg,1000,twoview,Pale_Skin,Receding_Hairline,-0.22026494145393372,0.22026494145393372
vicreg,1000,twoview,Pale_Skin,Rosy_Cheeks,-0.19574515521526337,0.19574515521526337
vicreg,1000,twoview,Pale_Skin,Sideburns,-0.17751847207546234,0.17751847207546234
vicreg,1000,twoview,Pale_Skin,Smiling,-0.33020782470703125,0.33020782470703125
vicreg,1000,twoview,Pale_Skin,Straight_Hair,0.03932739049196243,0.03932739049196243
vicreg,1000,twoview,Pale_Skin,Wavy_Hair,0.2102232575416565,0.2102232575416565
vicreg,1000,twoview,Pale_Skin,Wearing_Earrings,-0.1332469880580902,0.1332469880580902
vicreg,1000,twoview,Pale_Skin,Wearing_Hat,-0.024593032896518707,0.024593032896518707
vicreg,1000,twoview,Pale_Skin,Wearing_Lipstick,0.2016969919204712,0.2016969919204712
vicreg,1000,twoview,Pale_Skin,Wearing_Necklace,0.09829474985599518,0.09829474985599518
vicreg,1000,twoview,Pale_Skin,Wearing_Necktie,-0.23648588359355927,0.23648588359355927
vicreg,1000,twoview,Pale_Skin,Young,0.23383371531963348,0.23383371531963348
vicreg,1000,twoview,Pointy_Nose,Receding_Hairline,-0.17528919875621796,0.17528919875621796
vicreg,1000,twoview,Pointy_Nose,Rosy_Cheeks,0.5311878323554993,0.5311878323554993
vicreg,1000,twoview,Pointy_Nose,Sideburns,-0.40256690979003906,0.40256690979003906
vicreg,1000,twoview,Pointy_Nose,Smiling,0.10991403460502625,0.10991403460502625
vicreg,1000,twoview,Pointy_Nose,Straight_Hair,-0.05523322895169258,0.05523322895169258
vicreg,1000,twoview,Pointy_Nose,Wavy_Hair,0.547951877117157,0.547951877117157
vicreg,1000,twoview,Pointy_Nose,Wearing_Earrings,0.4310351312160492,0.4310351312160492
vicreg,1000,twoview,Pointy_Nose,Wearing_Hat,-0.27578797936439514,0.27578797936439514
vicreg,1000,twoview,Pointy_Nose,Wearing_Lipstick,0.6779186129570007,0.6779186129570007
vicreg,1000,twoview,Pointy_Nose,Wearing_Necklace,0.4214640259742737,0.4214640259742737
vicreg,1000,twoview,Pointy_Nose,Wearing_Necktie,-0.3168855309486389,0.3168855309486389
vicreg,1000,twoview,Pointy_Nose,Young,0.40707308053970337,0.40707308053970337
vicreg,1000,twoview,Receding_Hairline,Rosy_Cheeks,-0.06769771128892899,0.06769771128892899
vicreg,1000,twoview,Receding_Hairline,Sideburns,0.20303013920783997,0.20303013920783997
vicreg,1000,twoview,Receding_Hairline,Smiling,0.19145207107067108,0.19145207107067108
vicreg,1000,twoview,Receding_Hairline,Straight_Hair,-0.17792215943336487,0.17792215943336487
vicreg,1000,twoview,Receding_Hairline,Wavy_Hair,-0.38128307461738586,0.38128307461738586
vicreg,1000,twoview,Receding_Hairline,Wearing_Earrings,-0.06099832430481911,0.06099832430481911
vicreg,1000,twoview,Receding_Hairline,Wearing_Hat,-0.16269223392009735,0.16269223392009735
vicreg,1000,twoview,Receding_Hairline,Wearing_Lipstick,-0.2686319053173065,0.2686319053173065
vicreg,1000,twoview,Receding_Hairline,Wearing_Necklace,-0.2617488205432892,0.2617488205432892
vicreg,1000,twoview,Receding_Hairline,Wearing_Necktie,0.5789185762405396,0.5789185762405396
vicreg,1000,twoview,Receding_Hairline,Young,-0.5499532222747803,0.5499532222747803
vicreg,1000,twoview,Rosy_Cheeks,Sideburns,-0.3086923062801361,0.3086923062801361
vicreg,1000,twoview,Rosy_Cheeks,Smiling,0.5769413709640503,0.5769413709640503
vicreg,1000,twoview,Rosy_Cheeks,Straight_Hair,-0.127618670463562,0.127618670463562
vicreg,1000,twoview,Rosy_Cheeks,Wavy_Hair,0.43462491035461426,0.43462491035461426
vicreg,1000,twoview,Rosy_Cheeks,Wearing_Earrings,0.6610685586929321,0.6610685586929321
vicreg,1000,twoview,Rosy_Cheeks,Wearing_Hat,-0.14604882895946503,0.14604882895946503
vicreg,1000,twoview,Rosy_Cheeks,Wearing_Lipstick,0.5833079218864441,0.5833079218864441
vicreg,1000,twoview,Rosy_Cheeks,Wearing_Necklace,0.5700944066047668,0.5700944066047668
vicreg,1000,twoview,Rosy_Cheeks,Wearing_Necktie,-0.22991196811199188,0.22991196811199188
vicreg,1000,twoview,Rosy_Cheeks,Young,0.16735391318798065,0.16735391318798065
vicreg,1000,twoview,Sideburns,Smiling,-0.11064308136701584,0.11064308136701584
vicreg,1000,twoview,Sideburns,Straight_Hair,0.124275803565979,0.124275803565979
vicreg,1000,twoview,Sideburns,Wavy_Hair,-0.4691167175769806,0.4691167175769806
vicreg,1000,twoview,Sideburns,Wearing_Earrings,-0.40385183691978455,0.40385183691978455
vicreg,1000,twoview,Sideburns,Wearing_Hat,0.1522127389907837,0.1522127389907837
vicreg,1000,twoview,Sideburns,Wearing_Lipstick,-0.6270532011985779,0.6270532011985779
vicreg,1000,twoview,Sideburns,Wearing_Necklace,-0.502919614315033,0.502919614315033
vicreg,1000,twoview,Sideburns,Wearing_Necktie,0.5487905144691467,0.5487905144691467
vicreg,1000,twoview,Sideburns,Young,-0.442859947681427,0.442859947681427
vicreg,1000,twoview,Smiling,Straight_Hair,-0.07315616309642792,0.07315616309642792
vicreg,1000,twoview,Smiling,Wavy_Hair,0.191358283162117,0.191358283162117
vicreg,1000,twoview,Smiling,Wearing_Earrings,0.613111674785614,0.613111674785614
vicreg,1000,twoview,Smiling,Wearing_Hat,-0.1568206250667572,0.1568206250667572
vicreg,1000,twoview,Smiling,Wearing_Lipstick,0.33660608530044556,0.33660608530044556
vicreg,1000,twoview,Smiling,Wearing_Necklace,0.4191322922706604,0.4191322922706604
vicreg,1000,twoview,Smiling,Wearing_Necktie,0.07037894427776337,0.07037894427776337
vicreg,1000,twoview,Smiling,Young,-0.11125528812408447,0.11125528812408447
vicreg,1000,twoview,Straight_Hair,Wavy_Hair,-0.3223956525325775,0.3223956525325775
vicreg,1000,twoview,Straight_Hair,Wearing_Earrings,-0.2209920883178711,0.2209920883178711
vicreg,1000,twoview,Straight_Hair,Wearing_Hat,-0.3145621120929718,0.3145621120929718
vicreg,1000,twoview,Straight_Hair,Wearing_Lipstick,-0.17708170413970947,0.17708170413970947
vicreg,1000,twoview,Straight_Hair,Wearing_Necklace,-0.1977241188287735,0.1977241188287735
vicreg,1000,twoview,Straight_Hair,Wearing_Necktie,0.23057052493095398,0.23057052493095398
vicreg,1000,twoview,Straight_Hair,Young,0.171627476811409,0.171627476811409
vicreg,1000,twoview,Wavy_Hair,Wearing_Earrings,0.37715834379196167,0.37715834379196167
vicreg,1000,twoview,Wavy_Hair,Wearing_Hat,-0.24924884736537933,0.24924884736537933
vicreg,1000,twoview,Wavy_Hair,Wearing_Lipstick,0.8068222403526306,0.8068222403526306
vicreg,1000,twoview,Wavy_Hair,Wearing_Necklace,0.6575362682342529,0.6575362682342529
vicreg,1000,twoview,Wavy_Hair,Wearing_Necktie,-0.5738494992256165,0.5738494992256165
vicreg,1000,twoview,Wavy_Hair,Young,0.4133857488632202,0.4133857488632202
vicreg,1000,twoview,Wearing_Earrings,Wearing_Hat,-0.15621845424175262,0.15621845424175262
vicreg,1000,twoview,Wearing_Earrings,Wearing_Lipstick,0.6396258473396301,0.6396258473396301
vicreg,1000,twoview,Wearing_Earrings,Wearing_Necklace,0.5796683430671692,0.5796683430671692
vicreg,1000,twoview,Wearing_Earrings,Wearing_Necktie,-0.37150728702545166,0.37150728702545166
vicreg,1000,twoview,Wearing_Earrings,Young,0.23900754749774933,0.23900754749774933
vicreg,1000,twoview,Wearing_Hat,Wearing_Lipstick,-0.26511454582214355,0.26511454582214355
vicreg,1000,twoview,Wearing_Hat,Wearing_Necklace,-0.1412246972322464,0.1412246972322464
vicreg,1000,twoview,Wearing_Hat,Wearing_Necktie,-0.10157790780067444,0.10157790780067444
vicreg,1000,twoview,Wearing_Hat,Young,-0.08522115647792816,0.08522115647792816
vicreg,1000,twoview,Wearing_Lipstick,Wearing_Necklace,0.7681271433830261,0.7681271433830261
vicreg,1000,twoview,Wearing_Lipstick,Wearing_Necktie,-0.620625376701355,0.620625376701355
vicreg,1000,twoview,Wearing_Lipstick,Young,0.5056264996528625,0.5056264996528625
vicreg,1000,twoview,Wearing_Necklace,Wearing_Necktie,-0.5205381512641907,0.5205381512641907
vicreg,1000,twoview,Wearing_Necklace,Young,0.2571451663970947,0.2571451663970947
vicreg,1000,twoview,Wearing_Necktie,Young,-0.6567241549491882,0.6567241549491882
